1,68.5244,2.7,-65.8244
2,56.7182,2.7,-54.0182
3,47.8241,2.8,-45.0241
4,41.0211,2.8,-38.2211
5,35.8087,2.6,-33.2087
6,31.8187,2.4,-29.4187
7,28.7498,2.8,-25.9498
8,26.4104,2.5,-23.9104
9,24.5785,2.4,-22.1785
10,23.1292,2.3,-20.8292
11,21.9589,2.2,-19.7589
12,20.9433,2.1,-18.8433
13,20.1481,2.1,-18.0481
14,19.5008,2.1,-17.4008
15,18.9575,2.1,-16.8575
16,18.4802,2.0,-16.4802
17,18.0525,2.0,-16.0525
18,17.6776,1.9,-15.7776
19,17.3405,1.9,-15.4405
20,17.0301,1.9,-15.1301
21,16.7391,1.9,-14.8391
22,16.4665,1.8,-14.6665
23,16.2058,1.8,-14.4058
24,15.9558,1.8,-14.1558
25,15.7184,1.8,-13.9184
26,15.7036,1.9,-13.8036
27,15.296,1.8,-13.496
28,15.0717,1.8,-13.2717
29,14.8501,1.7,-13.1501
30,14.6297,1.6,-13.0297
31,14.4097,1.7,-12.7097
32,14.1917,1.8,-12.3917
33,13.9717,1.8,-12.1717
34,13.7491,1.8,-11.9491
35,13.5238,1.8,-11.7238
36,13.2955,1.8,-11.4955
37,13.0648,1.6,-11.4648
38,12.8341,1.5,-11.3341
39,12.6426,1.8,-10.8426
40,12.8236,1.7,-11.1236
41,12.2384,1.7,-10.5384
42,11.9937,1.7,-10.2937
43,11.7106,1.7,-10.0106
44,11.4594,1.8,-9.65936
45,11.21,1.7,-9.51004
46,10.9632,1.7,-9.26323
47,10.7157,1.7,-9.01574
48,10.4812,1.7,-8.78123
49,10.2363,1.8,-8.43634
50,9.99559,1.7,-8.29559
51,9.76564,1.6,-8.16564
52,9.54738,1.6,-7.94738
53,9.33509,1.6,-7.73509
54,9.1361,1.6,-7.5361
55,8.91632,1.6,-7.31632
56,8.79428,1.6,-7.19428
57,8.49455,1.5,-6.99455
58,8.28178,1.5,-6.78178
59,8.0742,1.4,-6.6742
60,7.87153,1.5,-6.37153
61,7.67387,1.5,-6.17387
62,7.51331,1.4,-6.11331
63,7.40383,1.3,-6.10383
64,7.27854,1.3,-5.97854
65,7.1428,1.3,-5.8428
66,7.0055,1.3,-5.7055
67,6.84943,1.2,-5.64943
68,6.67957,1.2,-5.47957
69,6.50986,1.2,-5.30986
70,6.33489,1.2,-5.13489
71,6.17187,1.1,-5.07187
72,6.00327,1.1,-4.90327
73,5.84998,1.1,-4.74998
74,5.70357,1.1,-4.60357
75,5.5565,1.0,-4.5565
76,5.42528,1.0,-4.42528
77,5.26813,1.1,-4.16813
78,5.41927,1.1,-4.31927
79,5.11463,1.1,-4.01463
80,4.9297,1.1,-3.8297
81,4.77393,1.1,-3.67393
82,4.62284,1.1,-3.52284
83,4.47585,1.1,-3.37585
84,4.33072,1.1,-3.23072
85,4.1898,1.1,-3.0898
86,4.05273,1.1,-2.95273
87,3.91888,1.1,-2.81888
88,3.82204,1.1,-2.72203
89,3.74732,1.1,-2.64732
90,3.61402,0.93,-2.68402
91,3.48307,0.92,-2.56307
92,3.36395,0.94,-2.42394
93,3.24243,0.92,-2.32243
94,3.12596,0.92,-2.20596
95,3.01489,0.96,-2.05489
96,2.9322,0.93,-2.0022
97,2.84248,0.92,-1.92248
98,2.73994,0.9,-1.83994
99,2.63459,0.93,-1.70459
100,2.54546,0.99,-1.55546
101,2.46484,0.96,-1.50484
102,2.59022,0.96,-1.63022
103,2.46653,0.96,-1.50653
104,2.29569,0.96,-1.33569
105,2.20343,0.96,-1.24343
106,2.124,0.96,-1.164
107,2.05085,0.96,-1.09085
108,1.96527,1.0,-0.965267
109,1.88887,1.0,-0.888874
110,1.81663,1.0,-0.816631
111,1.7476,1.0,-0.747603
112,1.69334,1.0,-0.693342
113,1.66684,1.0,-0.666844
114,1.59964,0.99,-0.609643
115,1.55717,0.99,-0.567171
116,1.52935,0.99,-0.539353
117,1.48374,0.99,-0.493745
118,1.41119,1.0,-0.411188
119,1.40125,1.0,-0.401253
120,1.84538,1.0,-0.845376
121,1.39706,1.0,-0.397062
122,1.33535,1.0,-0.335353
123,1.29397,1.0,-0.293974
124,1.29237,1.0,-0.292373
125,1.74613,1.1,-0.646127
126,1.30845,1.0,-0.308454
127,1.25254,1.0,-0.252544
128,1.19987,0.9,-0.299873
129,1.14743,0.9,-0.24743
130,1.09845,0.95,-0.14845
131,1.05461,0.95,-0.104611
132,1.01407,0.95,-0.064068
133,0.976416,0.95,-0.026416
134,1.02097,0.95,-0.0709661
135,1.03363,0.95,-0.083633
136,1.01211,0.95,-0.062106
137,0.976163,0.95,-0.026163
138,0.950584,0.95,-0.000584006
139,0.928631,0.96,0.031369
140,0.900161,0.95,0.049839
141,0.86742,0.95,0.08258
142,0.840987,0.95,0.109013
143,0.817615,0.95,0.132385
144,0.810637,0.95,0.139363
145,0.786456,0.95,0.163544
146,0.76542,0.95,0.18458
147,0.748109,0.95,0.201891
148,0.730208,0.95,0.219792
149,0.713779,0.95,0.236221
150,0.698542,0.95,0.251458
151,0.68429,0.95,0.26571
152,0.670824,0.95,0.279176
153,0.658021,0.95,0.291979
154,0.645784,0.95,0.304216
155,0.634022,0.95,0.315978
156,0.622671,0.95,0.327329
157,0.613004,0.95,0.336996
158,0.648099,0.95,0.301901
159,0.751714,0.95,0.198286
160,0.830115,1.0,0.169885
161,0.848808,1.1,0.251192
162,0.88094,1.2,0.31906
163,0.931778,1.2,0.268222
164,1.0047,1.2,0.195305
165,1.09669,1.3,0.203308
166,1.15046,1.3,0.149536
167,1.58295,1.3,-0.282954
168,1.21896,1.3,0.081039
169,1.17276,1.2,0.02724
170,1.12288,1.2,0.077121
171,1.08314,1.2,0.116864
172,1.08379,1.2,0.116215
173,1.07258,1.2,0.127419
174,1.14563,1.2,0.054371
175,1.13116,1.2,0.0688441
176,1.06964,1.2,0.130363
177,1.13237,1.2,0.067628
178,1.15718,1.2,0.0428151
179,1.09087,1.1,0.00913107
180,1.07011,1.2,0.129887
181,1.05262,1.1,0.047376
182,1.05177,1.1,0.0482321
183,1.14475,1.2,0.0552541
184,1.24006,1.2,-0.0400649
185,1.17156,1.2,0.028442
186,1.14348,1.4,0.256521
187,1.1494,1.2,0.0506041
188,1.12489,1.1,-0.0248929
189,1.11251,1.1,-0.0125099
190,1.10258,1.2,0.097422
191,1.40953,1.2,-0.209525
192,1.47605,1.2,-0.276054
193,1.56063,1.2,-0.360628
194,1.65152,1.3,-0.351518
195,1.77219,1.3,-0.472188
196,1.85828,1.3,-0.558275
197,2.36105,1.4,-0.961048
198,1.83219,1.3,-0.532186
199,2.24438,1.3,-0.944376
200,2.09885,1.3,-0.798853
201,1.99869,1.4,-0.598687
202,1.92312,1.3,-0.623122
203,2.24792,1.4,-0.847922
204,3.15745,1.3,-1.85745
205,2.41775,1.4,-1.01775
206,2.71138,1.3,-1.41138
207,3.14529,1.4,-1.74529
208,3.19621,1.4,-1.79621
209,2.96211,1.5,-1.46211
210,2.89246,1.4,-1.49246
211,3.00181,1.5,-1.50181
212,4.23763,1.7,-2.53763
213,2.91793,1.6,-1.31793
214,3.35527,1.6,-1.75527
215,3.23927,1.6,-1.63927
216,6.45009,1.6,-4.85009
217,4.6093,1.5,-3.1093
218,3.96375,1.5,-2.46375
219,5.20236,1.6,-3.60236
220,3.91551,1.6,-2.31551
221,3.84564,1.6,-2.24564
222,3.75897,1.6,-2.15897
223,3.87749,1.6,-2.27749
224,5.2783,1.6,-3.6783
225,6.22668,1.7,-4.52668
226,7.26308,1.9,-5.36308
227,7.76348,2.2,-5.56349
228,7.49199,2.8,-4.69199
229,8.41796,3.4,-5.01796
230,8.60203,3.3,-5.30203
231,7.34166,3.5,-3.84166
232,6.23672,3.6,-2.63672
233,7.53743,4.0,-3.53743
234,8.18273,5.0,-3.18273
235,8.0726,6.0,-2.0726
236,7.86818,7.1,-0.768179
237,7.76054,8.4,0.639461
238,8.51485,10.0,1.48515
239,8.27882,9.1,0.821177
240,7.97336,12.0,4.02664
241,8.3597,15.0,6.6403
242,7.67072,20.0,12.3293
243,6.97391,24.0,17.0261
244,7.5289,24.0,16.4711
245,6.66602,23.0,16.334
246,6.59838,23.0,16.4016
247,6.21367,23.0,16.7863
248,5.79685,22.0,16.2031
249,5.76345,21.0,15.2366
250,5.99631,21.0,15.0037
251,5.75894,21.0,15.2411
252,6.71375,20.0,13.2863
253,7.55584,20.0,12.4442
254,6.15736,21.0,14.8426
255,6.19431,20.0,13.8057
256,6.03299,19.0,12.967
257,5.97405,18.0,12.026
258,5.94217,18.0,12.0578
259,5.88756,17.0,11.1124
260,5.77807,17.0,11.2219
261,5.724,16.0,10.276
262,5.69671,16.0,10.3033
263,5.59799,15.0,9.40201
264,5.45564,15.0,9.54436
265,5.38069,14.0,8.61931
266,5.92616,14.0,8.07384
267,8.93313,14.0,5.06687
268,6.14466,13.0,6.85534
269,5.9572,13.0,7.0428
270,5.85055,12.0,6.14945
271,5.76422,12.0,6.23578
272,5.67163,11.0,5.32837
273,5.61677,11.0,5.38323
274,5.50267,11.0,5.49733
275,5.404,10.0,4.596
276,5.32368,10.0,4.67632
277,5.2375,9.8,4.5625
278,5.16761,9.3,4.13239
279,5.1025,9.4,4.2975
280,5.03413,9.1,4.06587
281,4.97161,8.7,3.72839
282,4.89553,8.4,3.50447
283,4.82844,8.4,3.57156
284,4.77458,7.9,3.12542
285,4.71046,7.3,2.58954
286,4.65103,7.1,2.44897
287,4.5921,6.8,2.2079
288,4.53333,6.4,1.86667
289,4.47525,6.1,1.62475
290,4.4179,6.3,1.8821
291,4.36105,6.1,1.73895
292,4.33591,5.8,1.46409
293,4.26584,5.6,1.33416
294,5.64891,5.8,0.151086
295,4.49368,6.2,1.70632
296,4.44845,6.1,1.65155
297,4.38369,6.0,1.61631
298,4.31792,6.0,1.68208
299,4.26059,5.9,1.63941
300,4.23753,5.7,1.46247
301,4.16483,5.3,1.13517
302,4.10949,5.3,1.19052
303,4.05587,5.3,1.24413
304,4.0033,5.5,1.4967
305,7.23244,5.4,-1.83244
306,4.48009,5.2,0.719914
307,4.42912,5.2,0.770881
308,4.34301,5.1,0.756988
309,4.26039,5.0,0.73961
310,4.19785,4.9,0.70215
311,4.13048,4.8,0.669525
312,4.06724,4.7,0.632763
313,4.00275,4.6,0.597252
314,3.94137,4.5,0.558628
315,3.88139,4.4,0.518615
316,3.82279,4.3,0.477211
317,3.77291,4.5,0.727091
318,3.72434,4.4,0.675664
319,3.67694,4.3,0.623057
320,3.62979,4.8,1.17021
321,3.85201,4.6,0.747986
322,3.63919,4.4,0.760805
323,3.58892,4.4,0.811082
324,3.54221,4.5,0.957786
325,3.49669,4.6,1.10331
326,3.50181,5.2,1.69819
327,3.85224,4.9,1.04776
328,3.53152,4.9,1.36848
329,3.4849,4.8,1.3151
330,3.43651,4.9,1.46349
331,3.39114,4.9,1.50886
332,3.34695,4.8,1.45305
333,3.30368,4.7,1.39632
334,3.32952,4.8,1.47048
335,3.24965,4.7,1.45035
336,3.27448,4.8,1.52553
337,3.58854,5.4,1.81147
338,3.3576,5.3,1.9424
339,3.26239,5.3,2.03761
340,3.21085,5.4,2.18915
341,3.64617,5.2,1.55383
342,3.271,4.9,1.629
343,3.22005,4.9,1.67995
344,3.16615,5.0,1.83385
345,3.1123,5.0,1.8877
346,3.06074,4.9,1.83926
347,3.01009,4.8,1.78991
348,2.96021,4.8,1.83979
349,2.911,4.6,1.689
350,2.86242,4.3,1.43758
351,2.81447,4.2,1.38553
352,2.76703,4.2,1.43297
353,2.7203,4.2,1.4797
354,2.6743,4.3,1.6257
355,2.62892,4.3,1.67108
356,2.5841,4.1,1.5159
357,2.53978,3.9,1.36022
358,2.49591,3.7,1.20409
359,2.45241,3.6,1.14759
360,2.40922,3.5,1.09078
361,2.36628,3.5,1.13372
362,2.32351,3.3,0.976492
363,2.28082,3.2,0.919183
364,2.23811,3.1,0.861892
365,2.19526,3.1,0.904737
366,2.15216,3.1,0.947844
367,2.10863,3.1,0.991369
368,2.15236,3.1,0.947639
369,2.05547,3.0,0.944533
370,2.00746,2.8,0.792538
371,1.95934,2.8,0.840661
372,1.91032,2.7,0.789676
373,1.8623,2.6,0.737705
374,1.81469,2.6,0.785313
375,1.76744,2.6,0.832555
376,1.72058,2.6,0.879422
377,1.67411,2.6,0.925886
378,1.62809,2.5,0.871909
379,1.58256,2.5,0.917441
380,1.53757,2.5,0.962429
381,1.49319,2.4,0.906814
382,1.44951,2.3,0.850489
383,1.40659,2.4,0.993408
384,1.36443,2.3,0.935569
385,1.32308,2.3,0.976921
386,1.28258,2.4,1.11742
387,1.24299,2.1,0.857014
388,1.20432,2.1,0.895684
389,1.1666,2.1,0.933399
390,1.12986,2.1,0.970139
391,1.09411,2.1,1.00589
392,1.05935,2.1,1.04065
393,1.02558,2.1,1.07442
394,0.992794,2.1,1.10721
395,0.960991,2.0,1.03901
396,0.930287,2.1,1.16971
397,0.900276,2.2,1.29972
398,0.871313,2.1,1.22869
399,0.843257,2.2,1.35674
400,0.816084,2.1,1.28392
401,0.789766,2.2,1.41023
402,0.764278,2.2,1.43572
403,0.739593,2.1,1.36041
404,0.715681,2.0,1.28432
405,0.735875,2.0,1.26412
406,0.785631,2.0,1.21437
407,0.737442,1.9,1.16256
408,0.718428,1.9,1.18157
409,0.72261,2.0,1.27739
410,0.683842,1.9,1.21616
411,0.655699,1.9,1.2443
412,0.655609,1.9,1.24439
413,0.616852,1.9,1.28315
414,0.596297,1.9,1.3037
415,0.597818,1.9,1.30218
416,0.65028,1.9,1.24972
417,0.719246,1.9,1.18075
418,0.649604,2.1,1.4504
419,0.629723,1.8,1.17028
420,0.611186,1.8,1.18881
421,0.594581,1.8,1.20542
422,0.580452,1.8,1.21955
423,0.565009,1.9,1.33499
424,0.551548,1.9,1.34845
425,0.540709,2.0,1.45929
426,0.551349,1.9,1.34865
427,0.590702,1.8,1.2093
428,0.642629,1.8,1.15737
429,0.674238,1.8,1.12576
430,0.718843,1.8,1.08116
431,0.942554,1.8,0.857446
432,0.841756,1.8,0.958244
433,0.886118,1.7,0.813882
434,1.15153,1.7,0.548468
435,0.936629,1.7,0.763371
436,0.910641,1.7,0.789359
437,0.888274,1.7,0.811726
438,0.873476,1.7,0.826524
439,0.976109,1.7,0.723891
440,0.895373,1.6,0.704627
441,0.87991,1.6,0.72009
442,0.866461,1.6,0.733539
443,0.856094,1.6,0.743906
444,0.849265,1.6,0.750735
445,0.842595,1.6,0.757405
446,1.06697,1.8,0.733033
447,0.937181,1.6,0.662819
448,0.926013,1.6,0.673987
449,0.918642,1.6,0.681358
450,0.915974,1.6,0.684026
451,0.953841,1.8,0.846159
452,0.929337,1.7,0.770663
453,0.926077,1.6,0.673923
454,0.923661,1.6,0.676339
455,0.923281,1.6,0.676719
456,0.943445,1.7,0.756555
457,0.986605,1.7,0.713395
458,1.01932,1.6,0.580685
459,1.06843,1.6,0.53157
460,1.05225,1.5,0.447755
461,1.05679,1.5,0.443207
462,1.06256,1.5,0.437436
463,1.06867,1.4,0.331329
464,1.07548,1.4,0.324516
465,1.09006,1.4,0.309942
466,1.12285,1.4,0.277147
467,1.18133,1.5,0.318672
468,1.25714,1.5,0.242859
469,1.30945,1.6,0.290551
470,1.35485,1.5,0.145147
471,1.38793,1.5,0.112073
472,1.41223,1.5,0.087772
473,1.42177,1.5,0.078234
474,1.40479,1.5,0.095208
475,1.39931,1.5,0.100692
476,1.39513,1.5,0.10487
477,1.39173,1.5,0.108274
478,1.38866,1.5,0.111344
479,1.38536,1.5,0.114639
480,1.37957,1.6,0.220428
481,1.41575,1.6,0.184253
482,1.43613,1.6,0.163873
483,1.41632,1.6,0.183679
484,1.40668,1.6,0.193317
485,1.40684,1.7,0.293156
486,1.41783,1.7,0.282172
487,1.42218,1.7,0.277817
488,1.47475,1.6,0.125247
489,1.43674,1.5,0.063259
490,1.42229,1.2,-0.222291
491,1.40711,1.2,-0.207107
492,1.39131,1.2,-0.191311
493,1.37621,1.2,-0.176213
494,1.36024,1.2,-0.160238
495,1.34407,1.2,-0.144075
496,1.32806,1.2,-0.128059
497,1.31178,1.2,-0.111784
498,1.29515,1.3,0.00485194
499,1.27807,1.3,0.02193
500,1.2606,1.3,0.039397
501,1.24268,1.3,0.057315
502,1.22415,1.3,0.0758549
503,1.20489,1.3,0.0951149
504,1.23742,1.3,0.0625839
505,1.26009,1.4,0.139908
506,1.30473,1.2,-0.104734
507,1.27325,1.1,-0.17325
508,1.23642,1.0,-0.236419
509,1.20814,1.1,-0.108135
510,1.17925,1.1,-0.0792509
511,1.1511,1.2,0.0489
512,1.1245,1.2,0.075503
513,1.10941,1.2,0.0905881
514,1.10789,1.2,0.092111
515,1.07483,1.3,0.225171
516,1.04705,1.2,0.152953
517,1.02115,1.2,0.178846
518,0.996737,1.1,0.103263
519,0.973295,1.1,0.126705
520,0.95074,1.1,0.14926
521,0.928988,1.0,0.071012
522,0.90804,1.1,0.19196
523,0.88786,1.1,0.21214
524,0.875142,1.1,0.224858
525,0.877821,1.1,0.222179
526,0.949474,1.1,0.150526
527,1.0485,1.2,0.1515
528,1.05125,1.1,0.0487521
529,1.07509,1.2,0.12491
530,1.099,1.2,0.100996
531,1.09303,1.3,0.206969
532,1.12562,1.3,0.174382
533,1.18683,1.3,0.113168
534,1.24897,1.3,0.0510349
535,1.40997,1.3,-0.109968
536,1.58027,1.4,-0.180271
537,1.76892,1.4,-0.368921
538,2.10969,1.5,-0.609694
539,2.57688,1.5,-1.07688
540,2.83099,1.5,-1.33099
541,2.93998,1.5,-1.43998
542,3.07484,1.5,-1.57484
543,3.70998,1.5,-2.20998
544,2.87573,1.3,-1.57573
545,2.4747,1.3,-1.1747
546,2.35291,1.2,-1.15291
547,2.29714,1.2,-1.09714
548,2.37537,1.3,-1.07537
549,2.55377,1.5,-1.05377
550,6.58629,1.9,-4.68629
551,4.30249,2.5,-1.80249
552,5.07476,2.1,-2.97476
553,5.18314,2.0,-3.18314
554,5.63581,2.1,-3.53581
555,7.26137,2.2,-5.06137
556,7.68697,2.2,-5.48697
557,5.83589,2.1,-3.73589
558,5.84056,2.0,-3.84056
559,5.09323,1.9,-3.19323
560,5.16347,1.8,-3.36347
561,5.78476,1.8,-3.98476
562,5.92952,1.9,-4.02952
563,6.04589,1.9,-4.14589
564,6.13618,1.8,-4.33618
565,5.68387,1.8,-3.88387
566,6.50457,1.9,-4.60457
567,5.3902,1.8,-3.5902
568,5.13411,1.7,-3.43411
569,5.16572,1.7,-3.46572
570,4.9877,1.7,-3.2877
571,5.28834,1.7,-3.58834
572,5.61893,1.6,-4.01893
573,5.27939,1.6,-3.67939
574,5.17608,1.8,-3.37608
575,5.29665,2.1,-3.19665
576,5.49921,2.6,-2.89921
577,5.13658,2.9,-2.23658
578,5.00711,2.9,-2.10711
579,5.44179,3.0,-2.44179
580,5.18175,3.5,-1.68175
581,5.21409,4.2,-1.01409
582,5.40865,5.1,-0.308645
583,5.51421,6.8,1.28579
584,5.37451,7.0,1.62549
585,5.27604,7.3,2.02396
586,5.2171,7.7,2.4829
587,5.18377,8.0,2.81623
588,5.1102,8.2,3.0898
589,5.03282,8.2,3.16718
590,5.7028,8.2,2.4972
591,4.99291,8.0,3.00709
592,4.95357,7.8,2.84643
593,4.89871,7.6,2.70129
594,4.8602,7.5,2.6398
595,4.80965,7.5,2.69035
596,4.76634,7.7,2.93366
597,4.70827,8.0,3.29173
598,4.67391,8.1,3.42609
599,4.64001,8.2,3.55999
600,4.59607,8.5,3.90393
601,4.55553,8.4,3.84447
602,4.816,8.7,3.884
603,4.746,8.8,4.054
604,4.67903,8.6,3.92097
605,4.52451,8.7,4.17549
606,4.47948,8.6,4.12052
607,5.17666,8.8,3.62334
608,4.56356,8.6,4.03644
609,4.50934,8.4,3.89066
610,4.48353,8.8,4.31647
611,4.44074,9.1,4.65926
612,4.40811,9.5,5.09189
613,4.36983,11.0,6.63017
614,4.3283,9.9,5.5717
615,4.27822,9.7,5.42178
616,4.22067,9.6,5.37933
617,4.16136,8.5,4.33864
618,4.09812,7.9,3.80188
619,4.05284,8.9,4.84716
620,3.97609,8.6,4.62391
621,3.90786,8.4,4.49214
622,3.84181,8.0,4.15819
623,3.77814,7.5,3.72186
624,3.71227,7.3,3.58773
625,3.65818,7.0,3.34182
626,4.31858,7.1,2.78142
627,5.08118,6.7,1.61882
628,4.06581,6.5,2.43419
629,4.01043,6.2,2.18957
630,3.95073,6.1,2.14927
631,3.8592,6.1,2.2408
632,3.79024,5.8,2.00976
633,3.75736,6.1,2.34264
634,3.66298,6.7,3.03702
635,3.59141,6.8,3.20859
636,3.58323,7.4,3.81677
637,3.46977,7.7,4.23023
638,3.45905,8.1,4.64095
639,3.36339,8.2,4.83661
640,3.30624,8.0,4.69376
641,3.25065,8.0,4.74935
642,3.19675,8.0,4.80325
643,3.14518,7.8,4.65482
644,3.09594,7.7,4.60406
645,3.12886,7.7,4.57114
646,3.04265,7.6,4.55735
647,2.99915,7.5,4.50085
648,2.95832,7.4,4.44168
649,2.92022,7.2,4.27978
650,2.8846,7.3,4.4154
651,2.85138,7.1,4.24862
652,2.82047,7.0,4.17953
653,2.7914,7.1,4.3086
654,3.01157,7.4,4.38843
655,3.66335,7.2,3.53665
656,3.14796,6.9,3.75204
657,3.26616,6.6,3.33384
658,3.06697,6.7,3.63303
659,3.75963,6.7,2.94037
660,3.40137,6.7,3.29863
661,3.16774,7.3,4.13226
662,3.30474,6.6,3.29526
663,3.61933,6.2,2.58067
664,3.24182,6.1,2.85818
665,3.13793,5.9,2.76207
666,3.12127,5.8,2.67873
667,3.14728,5.6,2.45272
668,3.03651,5.8,2.76349
669,2.99749,6.2,3.20251
670,2.96338,5.6,2.63662
671,2.93161,5.0,2.06839
672,3.05493,5.2,2.14507
673,3.30299,4.9,1.59701
674,2.9855,4.9,1.9145
675,2.94699,5.1,2.15301
676,2.91151,4.9,1.98849
677,2.8772,4.9,2.0228
678,2.84419,4.9,2.05581
679,2.81268,4.7,1.88732
680,2.78241,4.7,1.91759
681,2.75339,4.6,1.84661
682,2.72537,4.6,1.87463
683,2.69845,4.5,1.80155
684,2.67235,4.0,1.32765
685,2.67446,4.0,1.32554
686,2.63442,3.7,1.06558
687,2.7526,3.8,1.0474
688,2.70102,4.1,1.39898
689,2.63455,4.2,1.56545
690,2.81241,4.1,1.28759
691,2.89385,4.1,1.20615
692,2.71086,3.9,1.18914
693,2.66649,4.0,1.33351
694,2.8036,3.8,0.996399
695,2.65845,3.7,1.04155
696,2.63025,3.7,1.06975
697,2.58918,3.6,1.01081
698,2.55338,3.5,0.946622
699,2.51793,3.3,0.782069
700,2.48269,3.3,0.817314
701,2.44755,3.2,0.752447
702,2.41226,3.1,0.68774
703,2.37701,3.1,0.722989
704,2.48015,3.7,1.21985
705,3.24228,3.3,0.057719
706,2.58017,3.3,0.719826
707,2.53392,3.1,0.56608
708,2.48802,3.0,0.511977
709,2.44189,3.0,0.558113
710,2.3941,3.0,0.605898
711,2.34675,3.0,0.653255
712,2.3012,3.0,0.698796
713,2.26758,3.0,0.732421
714,2.21924,2.9,0.680764
715,2.17752,2.8,0.622478
716,2.13706,2.8,0.662935
717,2.09781,2.7,0.602189
718,2.0597,2.7,0.640302
719,2.02278,2.7,0.677224
720,1.98695,2.8,0.81305
721,1.95197,2.9,0.948027
722,1.91766,2.8,0.882338
723,1.88392,2.8,0.916083
724,1.85044,2.6,0.749556
725,1.81698,2.5,0.683024
726,1.78362,2.4,0.616381
727,1.75141,2.4,0.648587
728,1.71983,2.3,0.580166
729,1.68878,2.4,0.711223
730,2.05843,2.4,0.341572
731,1.76565,2.4,0.634351
732,1.73366,2.4,0.666341
733,1.69835,2.3,0.601646
734,1.66318,2.3,0.636818
735,1.62932,2.2,0.570679
736,1.59629,2.2,0.603713
737,1.56399,2.2,0.636013
738,1.53233,2.3,0.767668
739,1.50117,2.2,0.698834
740,1.47053,2.2,0.729468
741,1.44055,2.2,0.759453
742,1.41103,2.2,0.788974
743,1.38191,2.2,0.81809
744,1.35316,2.2,0.84684
745,1.32475,2.2,0.875251
746,1.29666,2.1,0.803336
747,1.2689,2.1,0.831102
748,1.24145,2.1,0.858548
749,1.21434,2.2,0.98566
750,1.37036,2.3,0.929638
751,1.67722,3.5,1.82278
752,1.37756,2.4,1.02244
753,1.27199,2.3,1.02801
754,1.2243,2.2,0.975698
755,1.18747,2.2,1.01253
756,1.14997,2.4,1.25003
757,1.11577,2.3,1.18423
758,1.11039,2.6,1.48961
759,1.06903,2.3,1.23097
760,1.02865,2.2,1.17135
761,0.998604,2.2,1.2014
762,0.96971,2.1,1.13029
763,0.94188,2.2,1.25812
764,0.914765,2.4,1.48524
765,0.888828,2.1,1.21117
766,0.865435,2.1,1.23456
767,0.844645,2.0,1.15535
768,0.879953,2.0,1.12005
769,0.984059,2.1,1.11594
770,1.2885,3.5,2.2115
771,1.05295,2.6,1.54705
772,0.990811,2.4,1.40919
773,0.974203,2.4,1.4258
774,1.01167,2.3,1.28833
775,0.936539,2.2,1.26346
776,0.934998,2.2,1.265
777,0.88959,2.2,1.31041
778,0.859387,2.2,1.34061
779,0.831895,2.1,1.2681
780,0.820923,2.1,1.27908
781,0.817414,2.2,1.38259
782,0.785849,2.3,1.51415
783,0.763718,2.3,1.53628
784,0.743492,2.2,1.45651
785,0.724232,2.0,1.27577
786,0.705141,2.2,1.49486
787,0.688531,2.0,1.31147
788,0.673419,2.0,1.32658
789,0.662072,2.1,1.43793
790,0.648598,2.0,1.3514
791,0.636584,2.0,1.36342
792,0.625355,2.0,1.37464
793,0.61482,1.9,1.28518
794,0.604894,1.9,1.29511
795,0.595496,1.8,1.2045
796,0.586517,1.8,1.21348
797,0.577969,1.8,1.22203
798,0.570683,1.7,1.12932
799,0.577686,1.7,1.12231
800,0.604592,1.6,0.995408
801,0.644605,1.6,0.955395
802,0.730007,1.6,0.869993
803,0.848599,1.5,0.651401
804,1.02056,1.6,0.579442
805,1.13572,1.5,0.36428
806,1.24738,1.6,0.352622
807,1.50289,1.6,0.097106
808,2.10842,1.6,-0.508423
809,2.08461,1.6,-0.484608
810,2.10871,1.6,-0.508712
811,2.35954,1.6,-0.759539
812,2.47185,1.6,-0.871851
813,2.32344,1.6,-0.723438
814,1.95891,1.5,-0.458908
815,1.94691,1.5,-0.446907
816,1.71604,1.5,-0.216035
817,1.63321,1.5,-0.133214
818,1.56333,1.5,-0.063333
819,1.52821,1.5,-0.028212
820,1.51047,1.5,-0.010466
821,1.67943,1.6,-0.079428
822,1.58186,1.5,-0.081858
823,1.75095,1.5,-0.250946
824,1.52042,1.4,-0.120419
825,1.47277,1.4,-0.072769
826,1.45111,1.4,-0.051113
827,1.43626,1.4,-0.0362591
828,1.42285,1.4,-0.022853
829,1.41205,1.4,-0.012046
830,1.40362,1.6,0.196377
831,1.39615,1.6,0.203851
832,1.39169,1.6,0.208315
833,1.41821,1.8,0.38179
834,1.48512,1.7,0.214881
835,1.48181,1.7,0.218191
836,1.47901,1.6,0.120985
837,1.50032,1.6,0.099677
838,1.55371,1.6,0.046294
839,1.65206,1.6,-0.052055
840,1.78974,1.5,-0.28974
841,1.87651,1.6,-0.276506
842,2.04533,1.7,-0.345329
843,2.26747,1.7,-0.567467
844,2.40181,1.8,-0.601809
845,2.48362,1.8,-0.683624
846,2.50174,1.9,-0.601743
847,2.46033,1.8,-0.660334
848,2.45496,1.9,-0.554961
849,2.40372,1.9,-0.503716
850,2.36742,1.9,-0.467424
851,2.41793,1.9,-0.517932
852,2.4346,1.9,-0.5346
853,2.30866,1.9,-0.408661
854,2.27308,1.9,-0.373079
855,2.22341,1.9,-0.323407
856,2.19201,2.6,0.407985
857,2.17999,2.3,0.12001
858,2.15469,2.0,-0.154688
859,2.14148,1.9,-0.24148
860,2.11982,1.9,-0.219816
861,2.08774,1.9,-0.187745
862,2.0597,1.9,-0.159695
863,2.03385,1.9,-0.133851
864,2.00907,1.9,-0.109066
865,1.985,1.9,-0.084998
866,1.96144,1.9,-0.061443
867,1.94748,1.8,-0.147477
868,1.95905,1.9,-0.059046
869,1.95824,1.8,-0.158236
870,1.92489,1.7,-0.224889
871,1.90306,1.5,-0.40306
872,1.88097,1.5,-0.38097
873,1.85885,1.5,-0.358852
874,1.84554,1.6,-0.245536
875,1.84409,1.6,-0.244092
876,1.81576,1.6,-0.215758
877,1.79503,1.6,-0.195029
878,1.77448,1.6,-0.174483
879,1.75953,1.6,-0.159533
880,1.77172,1.6,-0.171719
881,1.79279,1.7,-0.0927869
882,1.81448,1.7,-0.114477
883,1.7692,1.8,0.030803
884,1.74992,1.8,0.0500809
885,1.73923,1.8,0.060774
886,1.71047,1.8,0.089528
887,1.69097,1.8,0.109031
888,1.66966,1.9,0.230339
889,1.67639,1.9,0.223612
890,1.73594,2.0,0.264062
891,1.79485,2.1,0.305154
892,1.82916,2.2,0.370836
893,1.84027,2.2,0.359731
894,1.85345,2.4,0.546554
895,1.86225,2.5,0.637746
896,1.77083,2.3,0.529167
897,1.71655,2.5,0.783453
898,1.66725,2.3,0.63275
899,1.62528,2.2,0.574716
900,1.59098,2.2,0.609022
901,1.59053,2.2,0.609472
902,1.62184,2.2,0.578164
903,1.58935,2.2,0.610648
904,1.56735,2.2,0.63265
905,1.69896,2.3,0.601038
906,1.58845,2.2,0.611553
907,1.55168,2.1,0.548321
908,1.51481,2.1,0.585185
909,1.46386,2.1,0.636145
910,1.4984,2.2,0.7016
911,1.54204,2.1,0.557962
912,1.46624,2.1,0.633757
913,1.42842,2.1,0.671579
914,1.39455,2.2,0.805446
915,1.44614,2.1,0.653857
916,1.47236,2.2,0.727638
917,1.47046,2.2,0.729535
918,1.41373,2.1,0.686274
919,1.39773,2.1,0.702266
920,1.4291,2.3,0.870902
921,1.47043,2.4,0.929566
922,1.63826,2.4,0.761745
923,1.61522,2.3,0.684777
924,1.55497,2.3,0.745035
925,1.6166,2.4,0.783404
926,1.73943,2.5,0.760569
927,1.76923,2.6,0.830769
928,1.67208,2.5,0.82792
929,1.78524,2.6,0.814757
930,2.1115,2.8,0.688505
931,2.45736,3.0,0.542638
932,2.51487,3.2,0.685127
933,2.19932,2.9,0.700685
934,2.11321,3.0,0.886786
935,2.15747,3.0,0.842525
936,2.46834,3.0,0.531662
937,5.06774,4.0,-1.06774
938,3.74878,4.3,0.551218
939,4.147,4.7,0.552998
940,4.22295,5.3,1.07705
941,5.82919,5.8,-0.029192
942,5.34682,6.3,0.95318
943,6.14537,6.8,0.654633
944,6.87777,6.5,-0.37777
945,8.37421,6.6,-1.77421
946,8.18769,6.5,-1.68769
947,8.17755,6.6,-1.57755
948,9.09815,7.4,-1.69815
949,10.1701,7.6,-2.57007
950,8.7347,7.5,-1.2347
951,9.10632,7.6,-1.50632
952,10.6193,8.0,-2.61931
953,13.4991,8.1,-5.39914
954,9.83932,8.0,-1.83932
955,9.86407,8.1,-1.76407
956,10.6659,8.0,-2.66593
957,12.6634,8.0,-4.66342
958,15.1396,8.0,-7.13956
959,17.5784,9.2,-8.37845
960,32.081,10.0,-22.081
961,19.1507,10.0,-9.15074
962,19.3874,14.0,-5.38736
963,25.0391,21.0,-4.03914
964,27.3465,34.0,6.65346
965,28.5143,35.0,6.48567
966,35.0145,52.0,16.9855
967,36.1894,91.0,54.8106
968,35.7219,76.0,40.2781
969,34.9076,53.0,18.0924
970,35.7361,97.0,61.2639
971,44.0022,84.0,39.9978
972,39.7517,114.0,74.2483
973,33.3478,106.0,72.6522
974,33.0929,78.0,44.9071
975,39.3597,91.0,51.6403
976,37.5679,104.0,66.4321
977,52.5879,93.0,40.4121
978,37.1384,105.0,67.8616
979,36.8661,95.0,58.1339
980,33.4833,79.0,45.5167
981,30.5271,78.0,47.4729
982,29.1766,63.0,33.8234
983,27.5736,56.0,28.4264
984,28.7802,50.0,21.2198
985,31.4803,43.0,11.5197
986,37.6125,37.0,-0.612488
987,35.2526,38.0,2.74736
988,32.5966,40.0,7.4034
989,35.8992,51.0,15.1008
990,35.5391,61.0,25.4609
991,36.5689,66.0,29.4311
992,32.3156,67.0,34.6844
993,32.6787,68.0,35.3213
994,34.5103,66.0,31.4897
995,36.0423,68.0,31.9577
996,35.9631,70.0,34.0369
997,33.7757,65.0,31.2243
998,37.0475,69.0,31.9525
999,30.8106,45.0,14.1894
1000,29.9989,35.0,5.00106
1001,33.1565,34.0,0.843456
1002,34.2491,32.0,-2.24905
1003,28.3203,32.0,3.6797
1004,27.1247,35.0,7.87534
1005,25.5408,37.0,11.4592
1006,26.7197,43.0,16.2803
1007,24.3892,43.0,18.6108
1008,23.3679,37.0,13.6321
1009,23.0767,37.0,13.9233
1010,22.2927,37.0,14.7073
1011,21.4669,36.0,14.5331
1012,20.84,35.0,14.16
1013,20.1142,35.0,14.8858
1014,19.5662,33.0,13.4338
1015,18.9862,32.0,13.0138
1016,18.4877,34.0,15.5123
1017,18.0152,35.0,16.9848
1018,17.5817,34.0,16.4183
1019,17.1365,35.0,17.8635
1020,16.7138,30.0,13.2862
1021,16.2868,30.0,13.7132
1022,15.8947,30.0,14.1053
1023,15.5219,29.0,13.4781
1024,15.1674,28.0,12.8326
1025,14.8209,28.0,13.1791
1026,14.4835,28.0,13.5165
1027,14.3938,29.0,14.6062
1028,14.0116,30.0,15.9884
1029,14.8011,29.0,14.1989
1030,13.8306,28.0,14.1694
1031,13.4618,27.0,13.5382
1032,13.1868,27.0,13.8132
1033,12.9178,26.0,13.0822
1034,12.7028,26.0,13.2972
1035,12.4107,25.0,12.5893
1036,12.6149,25.0,12.3851
1037,12.7463,24.0,11.2537
1038,11.9028,22.0,10.0972
1039,11.6909,22.0,10.3091
1040,11.4853,22.0,10.5147
1041,11.2743,21.0,9.72568
1042,11.0892,21.0,9.91078
1043,10.8867,21.0,10.1133
1044,11.3374,21.0,9.6626
1045,10.5784,20.0,9.42162
1046,11.2813,20.0,8.7187
1047,10.3372,20.0,9.66283
1048,10.1212,20.0,9.87877
1049,11.3034,19.0,7.69664
1050,10.4828,19.0,8.51721
1051,10.5,17.0,6.50004
1052,10.1023,16.0,5.8977
1053,9.6131,16.0,6.3869
1054,9.39194,16.0,6.60806
1055,9.19218,15.0,5.80782
1056,9.00203,15.0,5.99797
1057,8.81031,14.0,5.18969
1058,8.63738,14.0,5.36262
1059,8.47782,13.0,4.52218
1060,8.30853,13.0,4.69147
1061,8.15269,12.0,3.84731
1062,7.99387,12.0,4.00613
1063,7.84103,12.0,4.15897
1064,7.68847,11.0,3.31153
1065,7.53149,11.0,3.46851
1066,7.38135,11.0,3.61865
1067,7.23301,9.8,2.56699
1068,7.086,9.5,2.414
1069,6.93965,9.1,2.16035
1070,6.79405,8.6,1.80595
1071,6.64932,8.1,1.45068
1072,6.50575,7.8,1.29425
1073,6.36324,7.4,1.03676
1074,6.22171,7.0,0.778292
1075,6.08109,6.8,0.718914
1076,5.94129,6.6,0.658712
1077,5.80226,6.3,0.497737
1078,5.66403,6.3,0.63597
1079,5.52661,6.1,0.573394
1080,5.39002,5.6,0.209981
1081,5.25429,5.3,0.0457091
1082,5.11951,4.9,-0.219506
1083,4.98564,4.7,-0.285641
1084,4.85271,4.6,-0.252714
1085,4.72079,4.5,-0.22079
1086,4.58995,4.3,-0.289951
1087,5.02666,5.6,0.573345
1088,4.66182,4.5,-0.161816
1089,4.58151,4.6,0.0184889
1090,4.34981,4.6,0.250189
1091,4.21595,4.7,0.484048
1092,4.0838,4.6,0.5162
1093,4.37961,5.1,0.720389
1094,4.17751,4.6,0.422495
1095,3.90334,4.4,0.496662
1096,3.77617,4.3,0.523828
1097,3.65163,3.7,0.048367
1098,3.53044,3.6,0.0695639
1099,3.41379,3.6,0.186211
1100,3.31873,3.7,0.381267
1101,3.20104,3.6,0.398964
1102,3.0972,3.5,0.402799
1103,2.99786,3.4,0.402143
1104,2.90296,3.5,0.597041
1105,2.81252,3.6,0.787481
1106,2.84364,3.6,0.75636
1107,2.68735,3.5,0.812647
1108,2.60592,3.3,0.694079
1109,2.52992,3.2,0.670078
1110,2.45988,3.1,0.640124
1111,2.39153,2.9,0.50847
1112,2.32806,3.0,0.67194
1113,2.26723,2.9,0.632773
1114,2.20984,3.2,0.99016
1115,2.1554,3.0,0.844604
1116,2.41519,3.0,0.584807
1117,2.15276,3.0,0.847238
1118,2.09829,2.9,0.801707
1119,2.04795,2.8,0.752053
1120,1.99946,2.7,0.700543
1121,1.95261,2.7,0.747394
1122,1.90693,2.7,0.793068
1123,2.0835,2.7,0.616495
1124,1.88988,2.9,1.01012
1125,2.14861,2.7,0.551392
1126,1.90446,2.7,0.79554
1127,2.02851,2.6,0.571488
1128,1.92267,2.7,0.777326
1129,1.90828,2.7,0.79172
1130,1.8563,2.7,0.843701
1131,1.78962,2.6,0.810381
1132,1.73734,2.6,0.862659
1133,1.69377,2.6,0.906235
1134,1.64368,2.5,0.856321
1135,1.61132,2.5,0.888683
1136,1.57325,2.5,0.926755
1137,1.60743,2.4,0.792569
1138,1.52425,2.5,0.975747
1139,1.56885,2.5,0.931147
1140,1.48179,2.5,1.01821
1141,1.44239,2.5,1.05761
1142,1.4044,2.5,1.0956
1143,1.36785,2.5,1.13215
1144,1.33262,2.4,1.06738
1145,1.29874,2.5,1.20126
1146,1.2662,2.4,1.13381
1147,1.23488,2.3,1.06512
1148,1.2047,2.3,1.0953
1149,1.1756,2.2,1.0244
1150,1.14753,2.3,1.15247
1151,1.12045,2.3,1.17955
1152,1.09432,2.3,1.20568
1153,1.06907,2.3,1.23093
1154,1.04468,2.3,1.25532
1155,1.02107,2.3,1.27893
1156,0.998194,2.3,1.30181
1157,0.979704,2.3,1.3203
1158,0.96129,2.2,1.23871
1159,0.939758,2.2,1.26024
1160,1.25352,2.1,0.846478
1161,1.04016,2.1,1.05984
1162,1.01732,2.1,1.08268
1163,0.993619,2.1,1.10638
1164,0.970396,2.1,1.1296
1165,0.944064,2.1,1.15594
1166,0.921222,2.1,1.17878
1167,0.903053,2.0,1.09695
1168,0.881422,2.0,1.11858
1169,0.86073,2.0,1.13927
1170,0.841637,1.9,1.05836
1171,0.822994,1.9,1.07701
1172,0.804663,1.9,1.09534
1173,0.787108,1.9,1.11289
1174,0.770125,1.9,1.12987
1175,0.75566,1.8,1.04434
1176,0.743289,1.8,1.05671
1177,0.738654,1.8,1.06135
1178,0.747416,1.6,0.852584
1179,0.780804,1.6,0.819196
1180,0.741966,1.5,0.758034
1181,0.723858,1.5,0.776142
1182,0.705853,1.5,0.794147
1183,0.694589,1.5,0.805411
1184,1.09308,1.5,0.406922
1185,0.789229,1.5,0.710771
1186,0.768303,1.5,0.731697
1187,0.746867,1.5,0.753133
1188,0.727577,1.5,0.772423
1189,0.952395,1.5,0.547605
1190,0.770624,1.5,0.729376
1191,0.854535,1.5,0.645465
1192,0.770875,1.5,0.729125
1193,0.750342,1.5,0.749658
1194,0.731696,1.5,0.768304
1195,0.715851,1.5,0.784149
1196,0.699793,1.5,0.800207
1197,0.685412,1.5,0.814588
1198,0.672302,1.5,0.827698
1199,0.660271,1.5,0.839729
1200,0.686989,1.5,0.813011
1201,0.651164,1.5,0.848836
1202,0.640774,1.5,0.859226
1203,1.30652,1.5,0.19348
1204,0.937665,1.5,0.562335
1205,0.858321,1.5,0.641679
1206,0.865488,1.4,0.534512
1207,0.890154,1.4,0.509846
1208,0.862392,1.4,0.537608
1209,0.842997,1.4,0.557003
1210,0.827234,1.4,0.572766
1211,0.813139,1.3,0.486861
1212,0.801024,1.3,0.498976
1213,0.789738,1.3,0.510262
1214,0.814355,1.3,0.485645
1215,0.83627,1.3,0.46373
1216,0.812252,1.3,0.487748
1217,0.81133,1.3,0.48867
1218,0.837886,1.3,0.462114
1219,0.95998,1.2,0.24002
1220,0.896764,1.2,0.303236
1221,1.06666,1.4,0.333343
1222,1.01034,1.3,0.289656
1223,0.974268,1.3,0.325732
1224,0.975495,1.3,0.324505
1225,0.954034,1.4,0.445966
1226,0.939913,1.3,0.360087
1227,0.94405,1.3,0.35595
1228,0.952945,1.3,0.347055
1229,0.947302,1.3,0.352698
1230,0.92794,1.3,0.37206
1231,0.914954,1.3,0.385046
1232,0.909457,1.3,0.390543
1233,0.902987,1.3,0.397013
1234,0.889623,1.0,0.110377
1235,0.878848,1.0,0.121152
1236,0.869227,1.0,0.130773
1237,0.860237,1.0,0.139763
1238,0.851605,1.0,0.148395
1239,0.843263,1.0,0.156737
1240,0.835001,1.0,0.164999
1241,0.826694,1.0,0.173306
1242,0.822312,1.0,0.177688
1243,0.881793,1.0,0.118207
1244,0.967162,1.0,0.032838
1245,1.00019,1.0,-0.000187039
1246,1.00196,1.0,-0.00196302
1247,1.17692,1.0,-0.176919
1248,1.10965,1.0,-0.109654
1249,1.04856,1.0,-0.048555
1250,1.09135,1.0,-0.091351
1251,1.06217,1.0,-0.062171
1252,1.02769,1.0,-0.027691
1253,1.0448,1.0,-0.0447969
1254,1.08196,1.0,-0.081964
1255,1.0189,1.0,-0.018899
1256,0.999583,1.0,0.000416994
1257,0.983117,1.0,0.016883
1258,0.968674,1.0,0.031326
1259,0.955792,1.0,0.044208
1260,0.944068,1.0,0.055932
1261,0.932552,1.0,0.067448
1262,0.921966,1.0,0.078034
1263,0.911267,1.0,0.088733
1264,0.902109,1.1,0.197891
1265,0.893538,1.0,0.106462
1266,0.885311,1.0,0.114689
1267,0.877426,1.0,0.122574
1268,0.869705,1.2,0.330295
1269,0.862028,1.1,0.237972
1270,0.854433,1.2,0.345567
1271,0.846822,1.3,0.453178
1272,0.839425,1.5,0.660575
1273,0.923196,1.4,0.476804
1274,1.06974,1.4,0.330256
1275,1.15995,1.6,0.440047
1276,1.13173,1.3,0.168268
1277,1.08406,1.3,0.215939
1278,1.09976,1.4,0.300238
1279,1.0868,1.3,0.213196
1280,1.14852,1.4,0.251481
1281,1.26195,1.5,0.238048
1282,1.45099,2.0,0.549013
1283,1.72853,2.2,0.471468
1284,1.48905,1.9,0.410948
1285,1.56467,1.8,0.235327
1286,2.07652,1.9,-0.176517
1287,3.41745,1.9,-1.51745
1288,4.34069,1.9,-2.44069
1289,3.45585,1.9,-1.55585
1290,3.54217,1.9,-1.64217
1291,4.49175,2.0,-2.49175
1292,5.03202,2.2,-2.83202
1293,6.17758,2.3,-3.87758
1294,6.91312,2.3,-4.61312
1295,6.09138,2.2,-3.89138
1296,4.24141,2.1,-2.14141
1297,3.9953,2.0,-1.9953
1298,3.8272,1.9,-1.9272
1299,3.838,2.0,-1.838
1300,5.0849,2.1,-2.9849
1301,5.88179,2.2,-3.68179
1302,6.64944,2.1,-4.54944
1303,7.81571,2.1,-5.71571
1304,8.70227,2.2,-6.50227
1305,11.0809,2.4,-8.68088
1306,11.4094,2.7,-8.70945
1307,11.5605,3.0,-8.56046
1308,12.5006,3.4,-9.10061
1309,11.5131,3.9,-7.61312
1310,11.9199,4.5,-7.41992
1311,11.5811,5.0,-6.58115
1312,11.2072,5.7,-5.50722
1313,11.2839,5.7,-5.58392
1314,11.1391,5.6,-5.53908
1315,11.2371,6.0,-5.23705
1316,10.6331,6.9,-3.73314
1317,9.88065,7.6,-2.28065
1318,8.47073,8.0,-0.470725
1319,8.27614,8.5,0.22386
1320,9.37092,9.8,0.429081
1321,8.98627,13.0,4.01373
1322,8.59549,14.0,5.40451
1323,11.905,15.0,3.09501
1324,9.24242,18.0,8.75758
1325,8.61072,21.0,12.3893
1326,8.35531,20.0,11.6447
1327,8.17984,23.0,14.8202
1328,14.2866,24.0,9.7134
1329,9.52882,26.0,16.4712
1330,8.73695,25.0,16.2631
1331,8.26853,24.0,15.7315
1332,8.23916,24.0,15.7608
1333,8.30785,25.0,16.6922
1334,8.15128,25.0,16.8487
1335,7.99417,25.0,17.0058
1336,8.24758,24.0,15.7524
1337,7.93823,22.0,14.0618
1338,7.91626,21.0,13.0837
1339,7.57979,19.0,11.4202
1340,7.56437,18.0,10.4356
1341,7.51074,18.0,10.4893
1342,7.52395,18.0,10.476
1343,7.44613,18.0,10.5539
1344,7.38144,18.0,10.6186
1345,7.29699,19.0,11.703
1346,7.30061,21.0,13.6994
1347,7.2069,21.0,13.7931
1348,7.65235,22.0,14.3477
1349,7.22065,21.0,13.7793
1350,7.10651,23.0,15.8935
1351,7.0257,22.0,14.9743
1352,6.91622,22.0,15.0838
1353,7.0094,22.0,14.9906
1354,6.76222,22.0,15.2378
1355,6.78141,21.0,14.2186
1356,6.60596,20.0,13.394
1357,6.49729,19.0,12.5027
1358,6.54737,18.0,11.4526
1359,6.34754,18.0,11.6525
1360,6.23733,18.0,11.7627
1361,6.13255,17.0,10.8674
1362,6.03068,16.0,9.96932
1363,5.93111,16.0,10.0689
1364,5.83231,15.0,9.16769
1365,5.73528,15.0,9.26472
1366,5.63859,15.0,9.36141
1367,5.54305,16.0,10.4569
1368,5.78311,14.0,8.21689
1369,5.4755,14.0,8.5245
1370,5.37714,14.0,8.62286
1371,5.28166,14.0,8.71834
1372,5.18942,14.0,8.81058
1373,5.27018,14.0,8.72982
1374,5.20637,13.0,7.79363
1375,5.09666,14.0,8.90334
1376,5.29719,13.0,7.70281
1377,4.94429,13.0,8.05571
1378,4.86032,12.0,7.13968
1379,4.77959,12.0,7.22041
1380,5.55236,12.0,6.44764
1381,4.79599,11.0,6.20401
1382,4.71376,11.0,6.28624
1383,4.63631,10.0,5.36369
1384,4.56146,9.9,5.33854
1385,4.49132,9.6,5.10868
1386,4.42303,9.4,4.97697
1387,4.35639,9.4,5.04361
1388,4.43883,9.4,4.96117
1389,4.4037,9.4,4.9963
1390,4.24699,9.4,5.15301
1391,5.23086,9.0,3.76914
1392,4.33608,9.2,4.86392
1393,4.49669,8.7,4.20331
1394,4.39329,8.5,4.10671
1395,4.3794,8.4,4.0206
1396,4.21293,8.3,4.08707
1397,4.11268,8.4,4.28732
1398,4.33386,8.3,3.96614
1399,4.08941,8.2,4.11059
1400,4.19109,8.7,4.50891
1401,6.60293,8.7,2.09707
1402,4.52902,8.2,3.67098
1403,4.31028,8.1,3.78972
1404,4.35738,8.1,3.74262
1405,4.16889,8.1,3.93111
1406,4.09729,7.9,3.80271
1407,4.02577,7.6,3.57423
1408,3.95936,7.4,3.44064
1409,3.89505,7.3,3.40495
1410,3.84109,7.3,3.45891
1411,3.7884,7.1,3.3116
1412,3.73733,6.9,3.16267
1413,3.68732,6.6,2.91268
1414,3.63825,6.4,2.76175
1415,3.59067,6.3,2.70933
1416,3.54446,6.1,2.55554
1417,3.49937,6.0,2.50063
1418,3.4554,5.9,2.4446
1419,3.41246,5.8,2.38754
1420,3.37033,5.4,2.02967
1421,3.32889,5.2,1.87111
1422,3.28796,5.1,1.81204
1423,3.2474,5.0,1.7526
1424,3.207,4.9,1.693
1425,3.16664,4.7,1.53336
1426,3.12617,4.7,1.57383
1427,3.08541,4.5,1.41459
1428,3.04424,4.3,1.25576
1429,3.00252,4.2,1.19748
1430,2.96017,4.1,1.13983
1431,2.91707,4.1,1.18293
1432,2.87322,4.1,1.22678
1433,2.82851,4.0,1.17149
1434,2.78285,3.9,1.11715
1435,2.73618,4.0,1.26382
1436,2.68844,4.1,1.41156
1437,2.69283,3.9,1.20717
1438,2.65136,4.0,1.34864
1439,2.57652,4.0,1.42348
1440,2.52158,4.0,1.47842
1441,2.46628,4.0,1.53372
1442,2.46374,4.0,1.53626
1443,2.37913,4.0,1.62087
1444,2.32029,3.9,1.57971
1445,2.26137,4.3,2.03863
1446,2.20222,4.3,2.09778
1447,3.13114,4.1,0.968858
1448,2.37795,4.1,1.72205
1449,2.31157,4.0,1.68843
1450,2.24597,3.9,1.65403
1451,2.18129,3.9,1.71871
1452,2.14387,3.8,1.65613
1453,2.06388,3.7,1.63612
1454,2.00022,3.6,1.59978
1455,1.93987,3.5,1.56013
1456,1.8826,3.5,1.6174
1457,1.82811,3.4,1.57189
1458,1.77634,3.3,1.52366
1459,1.72713,3.2,1.47287
1460,1.68015,3.1,1.41985
1461,1.63461,3.1,1.46539
1462,1.5924,3.0,1.4076
1463,1.55276,3.1,1.54724
1464,1.51557,3.1,1.58443
1465,1.48068,3.0,1.51932
1466,1.60024,3.0,1.39976
1467,2.68433,3.9,1.21567
1468,1.93874,3.4,1.46126
1469,1.81013,3.2,1.38987
1470,1.77109,3.2,1.42891
1471,2.1488,3.4,1.2512
1472,1.83564,3.2,1.36436
1473,1.80942,3.1,1.29058
1474,1.84623,3.1,1.25377
1475,1.84931,3.1,1.25069
1476,1.79838,3.0,1.20162
1477,1.79472,3.0,1.20528
1478,2.24578,3.1,0.854219
1479,1.86135,3.0,1.13865
1480,1.81489,3.0,1.18511
1481,1.80722,3.0,1.19278
1482,1.79411,2.9,1.10589
1483,1.73624,2.9,1.16376
1484,1.70377,2.9,1.19623
1485,1.69173,2.8,1.10827
1486,1.68793,2.8,1.11207
1487,1.63755,2.7,1.06245
1488,1.6067,2.8,1.1933
1489,1.57732,2.7,1.12268
1490,1.55869,2.7,1.14131
1491,1.55067,2.7,1.14933
1492,1.51563,2.6,1.08437
1493,1.49168,2.6,1.10832
1494,1.46847,2.6,1.13153
1495,1.45092,2.6,1.14908
1496,1.43095,2.6,1.16905
1497,1.41164,2.6,1.18836
1498,1.39974,2.6,1.20026
1499,1.39994,2.6,1.20006
1500,1.41198,2.5,1.08802
1501,1.3952,2.5,1.1048
1502,1.36345,2.4,1.03656
1503,1.34343,2.5,1.15657
1504,1.32234,2.4,1.07766
1505,1.29953,2.5,1.20047
1506,1.43817,2.5,1.06183
1507,1.31128,2.5,1.18872
1508,1.28252,2.5,1.21748
1509,1.25513,2.5,1.24487
1510,1.2285,2.4,1.1715
1511,1.20256,2.4,1.19744
1512,1.17745,2.4,1.22255
1513,1.1536,2.4,1.2464
1514,1.13047,2.3,1.16953
1515,1.1079,2.3,1.1921
1516,1.08602,2.0,0.913975
1517,1.06479,1.7,0.63521
1518,1.04408,1.5,0.455925
1519,1.02381,1.5,0.476191
1520,1.00863,1.3,0.291374
1521,0.985194,1.4,0.414806
1522,0.965897,1.5,0.534103
1523,0.96913,1.4,0.43087
1524,0.965249,1.6,0.634751
1525,0.948599,1.8,0.851401
1526,0.924677,2.0,1.07532
1527,0.909788,2.0,1.09021
1528,0.92763,2.0,1.07237
1529,0.900037,1.9,0.999963
1530,0.875069,1.8,0.924931
1531,0.857247,1.7,0.842753
1532,0.838289,1.7,0.861711
1533,0.856669,1.6,0.743331
1534,0.830057,1.7,0.869943
1535,0.817095,1.7,0.882905
1536,0.825342,1.6,0.774658
1537,0.818065,1.6,0.781935
1538,1.33413,1.6,0.265869
1539,0.945254,1.6,0.654746
1540,0.922784,1.6,0.677216
1541,0.897748,1.6,0.702252
1542,0.873789,1.6,0.726211
1543,0.851598,1.6,0.748402
1544,0.82935,1.6,0.77065
1545,0.813915,1.6,0.786085
1546,0.806462,1.7,0.893538
1547,0.807266,1.7,0.892734
1548,0.870879,1.8,0.929121
1549,0.926521,1.7,0.773479
1550,1.16007,1.8,0.639932
1551,1.00227,1.7,0.697732
1552,0.97382,1.5,0.52618
1553,0.957372,1.3,0.342628
1554,0.936277,1.2,0.263723
1555,0.919589,1.3,0.380411
1556,0.909225,1.4,0.490775
1557,0.938109,1.5,0.561891
1558,0.973902,1.4,0.426098
1559,0.935006,1.4,0.464994
1560,0.923582,1.5,0.576418
1561,0.912533,1.6,0.687467
1562,0.908174,1.6,0.691826
1563,0.904068,1.6,0.695932
1564,0.906819,1.5,0.593181
1565,0.894715,1.6,0.705285
1566,0.886794,1.6,0.713206
1567,0.879754,1.6,0.720246
1568,0.873542,1.6,0.726458
1569,0.868024,1.6,0.731976
1570,0.862914,1.6,0.737086
1571,0.858049,1.6,0.741951
1572,0.85319,1.6,0.74681
1573,0.847928,1.6,0.752072
1574,0.842328,1.6,0.757672
1575,0.836316,1.5,0.663684
1576,0.829804,1.5,0.670196
1577,0.822755,1.5,0.677245
1578,0.830305,1.5,0.669695
1579,0.88446,1.4,0.51554
1580,0.905835,1.3,0.394165
1581,0.880742,1.2,0.319258
1582,0.868874,1.3,0.431126
1583,0.880647,1.2,0.319353
1584,0.860825,1.2,0.339175
1585,0.845225,1.3,0.454775
1586,0.831297,1.2,0.368703
1587,0.816973,1.5,0.683027
1588,0.833877,1.5,0.666123
1589,0.822275,1.4,0.577725
1590,0.808285,1.1,0.291715
1591,0.807785,0.98,0.172215
1592,0.803109,0.93,0.126891
1593,0.793768,0.94,0.146232
1594,0.791252,0.96,0.168748
1595,0.956127,1.0,0.043873
1596,0.90493,1.1,0.19507
1597,0.842929,1.0,0.157071
1598,0.812037,1.0,0.187963
1599,0.786544,1.0,0.213456
1600,0.771149,1.0,0.228851
1601,0.807647,1.0,0.192353
1602,0.863206,1.1,0.236794
1603,0.896586,1.1,0.203414
1604,0.841086,1.1,0.258914
1605,0.831834,1.2,0.368166
1606,0.860305,1.1,0.239695
1607,0.871012,1.3,0.428988
1608,0.831722,1.3,0.468278
1609,0.81321,1.3,0.48679
1610,0.796134,1.3,0.503866
1611,0.781435,1.3,0.518565
1612,0.768294,1.2,0.431706
1613,0.755072,1.1,0.344928
1614,0.743767,1.1,0.356233
1615,0.733805,1.3,0.566195
1616,0.724743,1.4,0.675257
1617,0.715308,1.2,0.484692
1618,0.760053,1.1,0.339947
1619,0.837241,1.2,0.362759
1620,0.862961,1.2,0.337039
1621,0.875635,1.2,0.324365
1622,0.894151,1.2,0.305849
1623,0.929189,1.2,0.270811
1624,0.95295,1.2,0.24705
1625,1.06386,1.3,0.236145
1626,1.19448,1.3,0.105518
1627,1.25367,1.4,0.146326
1628,1.28521,1.4,0.114789
1629,1.4307,1.4,-0.030705
1630,1.638,1.4,-0.238004
1631,1.68091,1.4,-0.280909
1632,1.76574,1.4,-0.365742
1633,2.80523,1.5,-1.30523
1634,1.96508,1.5,-0.465078
1635,1.89757,1.5,-0.397568
1636,1.96234,1.4,-0.562338
1637,2.06619,1.4,-0.666194
1638,2.22724,1.4,-0.82724
1639,2.366,1.4,-0.966005
1640,2.0772,1.4,-0.677203
1641,2.01868,1.4,-0.618675
1642,1.95713,1.4,-0.557128
1643,2.06095,1.4,-0.660954
1644,2.01989,1.4,-0.619894
1645,2.05088,1.4,-0.650885
1646,2.01896,1.4,-0.618961
1647,1.96296,1.4,-0.562958
1648,2.04552,1.4,-0.645522
1649,2.07126,1.5,-0.571265
1650,2.09181,1.5,-0.591808
1651,2.11205,1.6,-0.512052
1652,2.30909,1.6,-0.709091
1653,2.19966,1.6,-0.599658
1654,2.10383,1.6,-0.50383
1655,2.0827,1.6,-0.482701
1656,2.06951,1.6,-0.469507
1657,2.07165,1.6,-0.471653
1658,2.12259,1.6,-0.522592
1659,2.37738,1.5,-0.877379
1660,2.28522,1.5,-0.785224
1661,2.56559,1.7,-0.865595
1662,2.31827,1.6,-0.718272
1663,2.29469,1.7,-0.594687
1664,2.28985,1.7,-0.589852
1665,2.27796,1.8,-0.477958
1666,2.2771,1.8,-0.4771
1667,2.26893,1.8,-0.468932
1668,2.26819,1.7,-0.56819
1669,2.82082,1.8,-1.02082
1670,3.14045,1.8,-1.34045
1671,2.93991,1.9,-1.03991
1672,3.00992,2.2,-0.809923
1673,3.05793,2.7,-0.357933
1674,3.04304,2.9,-0.143035
1675,3.66846,3.2,-0.468463
1676,3.33922,3.5,0.160779
1677,3.10208,3.7,0.597917
1678,3.09912,3.6,0.50088
1679,3.11584,3.5,0.384157
1680,3.07266,3.4,0.32734
1681,3.10627,3.3,0.193734
1682,3.1584,3.4,0.241596
1683,3.18811,3.7,0.511895
1684,3.23581,4.2,0.964194
1685,3.28245,4.8,1.51755
1686,3.29195,5.2,1.90805
1687,3.25486,5.3,2.04514
1688,3.22148,5.4,2.17852
1689,3.20874,5.3,2.09126
1690,3.20523,6.1,2.89477
1691,3.18449,6.6,3.41551
1692,3.16903,6.7,3.53097
1693,3.158,6.7,3.542
1694,3.13044,6.8,3.66956
1695,3.0561,6.9,3.8439
1696,3.00693,6.9,3.89307
1697,2.9822,6.8,3.8178
1698,2.98366,6.7,3.71634
1699,2.99013,6.6,3.60986
1700,2.99921,6.5,3.50079
1701,2.99793,6.4,3.40207
1702,3.18162,6.4,3.21838
1703,3.04541,6.3,3.25459
1704,3.03196,6.3,3.26804
1705,3.04637,6.2,3.15363
1706,3.03967,6.2,3.16033
1707,3.03659,6.2,3.16341
1708,3.02636,6.2,3.17364
1709,3.01788,6.2,3.18212
1710,3.40539,6.6,3.19461
1711,3.21199,6.5,3.28801
1712,3.20463,6.6,3.39537
1713,3.13218,6.4,3.26782
1714,3.09929,6.2,3.10071
1715,3.06703,5.7,2.63297
1716,3.03455,5.7,2.66544
1717,3.02719,5.6,2.57281
1718,2.98215,5.5,2.51785
1719,2.94916,5.5,2.55084
1720,2.91546,5.4,2.48454
1721,2.88011,5.4,2.51989
1722,2.84205,5.5,2.65795
1723,2.80402,5.5,2.69598
1724,2.76607,5.5,2.73393
1725,2.72689,5.4,2.67311
1726,2.68747,5.1,2.41253
1727,2.64812,5.0,2.35188
1728,2.60858,4.8,2.19142
1729,2.56891,4.8,2.23109
1730,2.52925,4.8,2.27075
1731,2.48942,4.7,2.21057
1732,2.45018,4.6,2.14982
1733,2.4117,4.6,2.1883
1734,2.37387,4.5,2.12613
1735,2.33654,4.4,2.06346
1736,2.29988,4.3,2.00012
1737,2.26392,4.1,1.83608
1738,2.22875,4.0,1.77125
1739,2.19438,3.9,1.70562
1740,2.16078,3.9,1.73922
1741,2.12792,3.8,1.67208
1742,2.09574,3.8,1.70426
1743,2.06419,3.8,1.73581
1744,2.03321,3.8,1.76679
1745,2.00273,3.8,1.79727
1746,2.03936,3.8,1.76064
1747,1.97369,3.7,1.72631
1748,1.94202,3.5,1.55798
1749,1.9113,3.5,1.5887
1750,1.88141,3.6,1.71859
1751,1.91856,3.6,1.68144
1752,1.85396,3.5,1.64604
1753,1.82332,3.4,1.57668
1754,1.79371,3.4,1.60629
1755,1.76496,3.4,1.63504
1756,1.73685,3.4,1.66315
1757,1.70872,3.4,1.69128
1758,1.68061,3.6,1.91939
1759,1.67806,3.9,2.22194
1760,1.95949,3.6,1.64051
1761,1.74316,3.6,1.85684
1762,1.70247,3.5,1.79753
1763,1.67008,3.5,1.82992
1764,1.63918,3.5,1.86082
1765,1.60978,3.5,1.89022
1766,1.61766,3.6,1.98234
1767,1.88795,3.8,1.91205
1768,2.27472,3.8,1.52528
1769,1.80541,3.8,1.99459
1770,1.77227,3.8,2.02772
1771,1.74053,3.8,2.05947
1772,1.70756,3.8,2.09244
1773,1.67594,3.8,2.12406
1774,1.64602,3.8,2.15398
1775,1.6187,3.8,2.1813
1776,1.59273,3.7,2.10727
1777,1.56742,3.7,2.13258
1778,1.54405,3.5,1.95595
1779,1.52186,3.5,1.97814
1780,1.50082,3.4,1.89919
1781,1.48077,3.4,1.91923
1782,1.55218,3.4,1.84782
1783,1.48183,3.4,1.91817
1784,1.46183,3.3,1.83817
1785,1.44273,3.3,1.85727
1786,1.42467,3.3,1.87533
1787,1.40744,3.2,1.79256
1788,1.3908,3.2,1.8092
1789,1.37457,3.2,1.82544
1790,1.35855,3.1,1.74144
1791,1.34261,3.0,1.65739
1792,1.3266,3.1,1.7734
1793,1.31038,3.0,1.68962
1794,1.29384,3.0,1.70616
1795,1.27689,2.9,1.62311
1796,1.28523,2.8,1.51477
1797,1.25323,2.8,1.54677
1798,1.23366,2.7,1.46634
1799,1.24426,2.7,1.45574
1800,1.20781,2.7,1.49219
1801,1.20535,2.7,1.49465
1802,1.17235,2.7,1.52765
1803,1.14889,2.6,1.45111
1804,1.12523,2.6,1.47477
1805,1.10131,2.6,1.49869
1806,1.07713,2.5,1.42287
1807,1.05269,2.5,1.44731
1808,1.028,2.5,1.472
1809,1.00312,2.4,1.39688
1810,0.978097,2.4,1.4219
1811,0.952992,2.3,1.34701
1812,0.927882,2.3,1.37212
1813,0.90292,2.4,1.49708
1814,0.878068,2.4,1.52193
1815,0.853401,2.3,1.4466
1816,0.828986,2.3,1.47101
1817,0.804886,2.3,1.49511
1818,1.83839,3.4,1.56161
1819,2.11084,2.8,0.689164
1820,1.41114,2.8,1.38886
1821,1.30926,2.9,1.59074
1822,1.26483,2.8,1.53517
1823,1.22433,2.7,1.47567
1824,1.21007,2.7,1.48993
1825,1.16337,2.7,1.53663
1826,1.14776,2.7,1.55224
1827,1.10907,2.6,1.49093
1828,1.08342,2.6,1.51658
1829,1.06008,2.6,1.53992
1830,1.03944,2.5,1.46056
1831,1.02176,2.5,1.47824
1832,1.00566,2.6,1.59434
1833,0.992948,2.5,1.50705
1834,0.982675,2.5,1.51732
1835,0.97487,2.5,1.52513
1836,0.969304,2.4,1.4307
1837,0.965838,2.4,1.43416
1838,0.964308,2.4,1.43569
1839,0.96465,2.4,1.43535
1840,1.05623,2.4,1.34377
1841,1.02602,2.3,1.27398
1842,1.01518,2.3,1.28481
1843,1.01799,2.3,1.28201
1844,1.02666,2.3,1.27333
1845,1.03904,2.3,1.26096
1846,1.04498,2.3,1.25502
1847,1.04963,2.3,1.25037
1848,1.05489,2.3,1.24511
1849,1.06015,2.3,1.23985
1850,1.06966,2.3,1.23034
1851,1.0746,2.2,1.1254
1852,1.07676,2.2,1.12324
1853,1.07889,2.2,1.12111
1854,1.07979,2.2,1.12021
1855,1.07913,2.2,1.12087
1856,1.07677,2.2,1.12323
1857,1.07179,2.2,1.12821
1858,1.06475,2.2,1.13525
1859,1.05642,2.1,1.04358
1860,1.04648,2.1,1.05352
1861,1.03496,2.1,1.06504
1862,1.02195,2.1,1.07805
1863,1.00755,2.1,1.09245
1864,0.991885,2.1,1.10811
1865,0.975069,2.0,1.02493
1866,0.957232,2.0,1.04277
1867,0.93851,2.0,1.06149
1868,0.919035,2.0,1.08097
1869,0.991785,2.0,1.00821
1870,0.915675,2.0,1.08433
1871,0.891305,2.0,1.1087
1872,0.867175,2.0,1.13283
1873,0.84366,2.0,1.15634
1874,0.82066,2.0,1.17934
1875,0.798398,1.9,1.1016
1876,0.776626,1.9,1.12337
1877,0.755076,1.9,1.14492
1878,0.73397,1.8,1.06603
1879,0.713343,1.8,1.08666
1880,0.693219,1.8,1.10678
1881,0.673623,1.7,1.02638
1882,0.654573,1.7,1.04543
1883,0.636086,1.7,1.06391
1884,0.618189,1.6,0.981811
1885,0.600901,1.5,0.899099
1886,0.584168,1.3,0.715832
1887,0.567983,1.1,0.532017
1888,0.696628,0.9,0.203372
1889,0.588481,0.9,0.311519
1890,0.584245,0.9,0.315755
1891,0.647048,0.9,0.252952
1892,0.642746,0.9,0.257254
1893,0.595921,0.9,0.304079
1894,1.15725,0.9,-0.257245
1895,1.00421,0.9,-0.104213
1896,0.832116,0.9,0.067884
1897,0.810635,0.8,-0.010635
1898,0.791064,0.8,0.00893599
1899,0.772592,0.8,0.027408
1900,0.756123,0.8,0.043877
1901,0.741062,0.8,0.058938
1902,0.728039,0.8,0.071961
1903,0.717617,0.8,0.082383
1904,0.708495,0.8,0.091505
1905,0.722381,0.8,0.077619
1906,0.771796,0.8,0.028204
1907,0.802678,0.8,-0.00267798
1908,0.845362,0.8,-0.045362
1909,0.822569,0.8,-0.022569
1910,0.820498,0.8,-0.020498
1911,0.842392,0.8,-0.042392
1912,0.942978,0.8,-0.142978
1913,0.907313,0.8,-0.107313
1914,0.908879,0.8,-0.108879
1915,0.912554,0.8,-0.112554
1916,0.91696,0.8,-0.11696
1917,0.924366,0.8,-0.124366
1918,0.948568,0.8,-0.148568
1919,0.951526,0.8,-0.151526
1920,0.960951,0.8,-0.160951
1921,0.977368,0.8,-0.177368
1922,1.01491,0.8,-0.214914
1923,1.11977,0.8,-0.31977
1924,1.09062,0.8,-0.290623
1925,1.09585,0.8,-0.295851
1926,1.10146,0.8,-0.301465
1927,1.10961,0.8,-0.309613
1928,1.11527,0.8,-0.315271
1929,1.14506,0.8,-0.345058
1930,1.17844,0.8,-0.378438
1931,1.20292,0.8,-0.402916
1932,1.193,0.8,-0.392999
1933,1.21476,0.8,-0.414756
1934,1.23156,0.8,-0.431563
1935,1.2234,0.8,-0.423396
1936,1.22222,0.8,-0.42222
1937,1.21986,0.8,-0.419857
1938,1.22224,0.8,-0.42224
1939,1.22981,0.8,-0.429806
1940,1.22154,0.8,-0.42154
1941,1.21743,0.8,-0.417428
1942,1.212,0.8,-0.411998
1943,1.206,0.8,-0.405997
1944,1.19978,0.8,-0.39978
1945,1.20559,0.8,-0.405591
1946,1.21274,0.8,-0.412738
1947,1.19967,0.8,-0.399669
1948,1.19147,0.8,-0.391471
1949,1.18228,0.8,-0.382283
1950,1.17224,0.8,-0.372242
1951,1.161,0.8,-0.360997
1952,1.14836,0.8,-0.348363
1953,1.13574,0.8,-0.335735
1954,1.12251,0.8,-0.322511
1955,1.10866,0.8,-0.308656
1956,1.09414,0.8,-0.294143
1957,1.10056,0.8,-0.300563
1958,1.10146,0.8,-0.301462
1959,1.09376,0.8,-0.293758
1960,1.11363,0.8,-0.313627
1961,1.11929,0.84,-0.27929
1962,1.14198,0.82,-0.32198
1963,1.11999,0.82,-0.299986
1964,1.09367,0.82,-0.273669
1965,1.07263,0.82,-0.252628
1966,1.05282,0.82,-0.232824
1967,1.03353,0.82,-0.213531
1968,1.01452,0.82,-0.194515
1969,0.995207,0.84,-0.155207
1970,0.974807,0.89,-0.084807
1971,0.955747,0.89,-0.065747
1972,0.937169,0.87,-0.067169
1973,0.918987,0.89,-0.028987
1974,0.901116,0.95,0.048884
1975,0.890062,0.92,0.029938
1976,0.881556,0.99,0.108444
1977,0.895098,0.99,0.094902
1978,0.901562,1.1,0.198438
1979,0.905989,1.1,0.194011
1980,0.925649,1.1,0.174351
1981,0.893102,1.1,0.206898
1982,0.877217,1.1,0.222783
1983,0.861401,1.1,0.238599
1984,0.846663,1.1,0.253337
1985,0.833144,1.1,0.266856
1986,0.823752,1.1,0.276248
1987,0.809084,1.3,0.490916
1988,0.795659,1.2,0.404341
1989,0.805968,1.1,0.294032
1990,0.815084,1.2,0.384916
1991,0.835331,1.2,0.364669
1992,0.868842,1.2,0.331158
1993,0.835422,1.2,0.364578
1994,0.821623,1.2,0.378377
1995,0.809402,1.2,0.390598
1996,0.797723,1.2,0.402277
1997,0.817351,1.2,0.382649
1998,0.834661,1.2,0.365339
1999,0.863224,1.2,0.336776
2000,0.894892,1.2,0.305108
2001,0.859695,1.3,0.440305
2002,0.845053,1.3,0.454947
2003,0.880973,1.3,0.419027
2004,0.990679,1.4,0.409321
2005,1.06645,1.3,0.233554
2006,1.20678,1.2,-0.00677991
2007,1.17008,1.2,0.0299211
2008,1.30538,1.3,-0.00537801
2009,1.16287,1.2,0.0371331
2010,1.12185,1.4,0.278152
2011,1.08633,1.2,0.113672
2012,1.05578,1.2,0.144216
2013,1.03167,1.2,0.168329
2014,1.17339,1.2,0.0266141
2015,1.22159,1.2,-0.0215939
2016,1.30543,1.2,-0.105427
2017,1.21091,1.2,-0.0109069
2018,1.17769,1.1,-0.0776939
2019,1.14646,1.1,-0.046463
2020,1.12388,1.1,-0.023877
2021,1.10809,1.1,-0.008093
2022,1.16511,1.1,-0.0651109
2023,1.3762,1.2,-0.176197
2024,1.89658,1.3,-0.596582
2025,1.9076,1.2,-0.707598
2026,2.15714,1.1,-1.05714
2027,1.91466,1.1,-0.814659
2028,2.27134,1.1,-1.17134
2029,3.22586,1.1,-2.12586
2030,2.13144,1.1,-1.03144
2031,2.03435,1.2,-0.834355
2032,2.30223,1.2,-1.10223
2033,2.98818,1.2,-1.78818
2034,3.13607,1.2,-1.93607
2035,3.23845,1.2,-2.03845
2036,2.61454,1.2,-1.41454
2037,3.13635,1.3,-1.83635
2038,4.16364,1.5,-2.66364
2039,4.53429,1.7,-2.83429
2040,3.13327,1.5,-1.63327
2041,3.1728,1.6,-1.5728
2042,3.42503,1.6,-1.82503
2043,4.36382,1.7,-2.66382
2044,5.88668,1.8,-4.08668
2045,6.17263,1.9,-4.27263
2046,5.92353,2.1,-3.82353
2047,11.7502,2.2,-9.55021
2048,6.38869,2.3,-4.08869
2049,5.77268,2.4,-3.37268
2050,5.64623,2.7,-2.94623
2051,5.78605,3.1,-2.68605
2052,5.10421,3.0,-2.10421
2053,5.97213,3.1,-2.87213
2054,5.39203,3.2,-2.19203
2055,5.27339,3.6,-1.67339
2056,5.38891,4.3,-1.0889
2057,5.61961,4.9,-0.719609
2058,5.91169,5.8,-0.111686
2059,6.08924,7.2,1.11076
2060,7.01548,8.2,1.18452
2061,6.71182,8.3,1.58818
2062,6.31955,7.9,1.58045
2063,5.88435,7.3,1.41565
2064,6.4992,6.9,0.400802
2065,6.9926,6.7,-0.292601
2066,6.06441,6.1,0.0355897
2067,6.6451,5.8,-0.845105
2068,6.11256,5.7,-0.412558
2069,5.95091,5.6,-0.350906
2070,5.82594,5.6,-0.225939
2071,5.90786,5.8,-0.107859
2072,5.82511,6.2,0.374887
2073,5.74314,6.9,1.15686
2074,5.76015,7.8,2.03985
2075,8.45831,7.5,-0.95831
2076,6.17275,7.6,1.42725
2077,6.29748,8.1,1.80252
2078,6.6988,7.9,1.2012
2079,6.14282,7.9,1.75718
2080,6.14927,8.4,2.25073
2081,6.05657,8.7,2.64343
2082,5.90847,8.8,2.89153
2083,5.83949,9.1,3.26051
2084,5.809,9.2,3.391
2085,5.76547,9.3,3.53453
2086,5.68988,9.5,3.81012
2087,5.61956,10.0,4.38044
2088,5.52606,10.0,4.47394
2089,5.43991,11.0,5.56009
2090,5.34605,11.0,5.65395
2091,5.25785,11.0,5.74215
2092,5.16786,11.0,5.83214
2093,5.07425,10.0,4.92575
2094,4.98366,10.0,5.01634
2095,4.89475,10.0,5.10525
2096,4.80626,10.0,5.19374
2097,4.71944,10.0,5.28056
2098,4.63433,10.0,5.36567
2099,4.55096,10.0,5.44904
2100,4.46955,9.8,5.33045
2101,4.38806,9.7,5.31194
2102,4.30828,9.6,5.29172
2103,4.2298,9.5,5.2702
2104,4.15338,9.2,5.04662
2105,4.07751,9.1,5.0225
2106,4.00314,9.0,4.99686
2107,3.92961,8.8,4.87039
2108,3.85765,8.6,4.74235
2109,3.78698,8.4,4.61302
2110,3.71771,8.2,4.48229
2111,3.64983,8.0,4.35017
2112,3.5826,7.6,4.0174
2113,3.51616,7.4,3.88384
2114,3.45087,7.2,3.74913
2115,3.38674,7.1,3.71326
2116,3.39478,7.1,3.70522
2117,3.34595,6.8,3.45405
2118,3.26834,6.4,3.13166
2119,3.19453,6.1,2.90547
2120,3.13257,6.2,3.06743
2121,3.23093,6.1,2.86907
2122,3.07299,5.9,2.82701
2123,3.01173,5.8,2.78827
2124,2.95234,5.7,2.74766
2125,2.8945,5.4,2.5055
2126,2.83797,5.2,2.36203
2127,2.80856,5.4,2.59144
2128,3.07803,5.3,2.22198
2129,2.80395,5.2,2.39605
2130,2.74766,5.1,2.35234
2131,2.69165,4.8,2.10835
2132,2.63894,4.7,2.06106
2133,2.58804,4.6,2.01196
2134,2.53904,4.6,2.06096
2135,2.49194,4.5,2.00806
2136,2.44652,4.4,1.95349
2137,3.93284,4.4,0.467162
2138,3.96585,4.3,0.334146
2139,3.12561,4.2,1.07439
2140,3.00504,4.1,1.09496
2141,2.93082,3.8,0.869175
2142,2.8719,3.8,0.928097
2143,2.81747,3.8,0.982529
2144,2.76685,3.7,0.933153
2145,2.71906,3.6,0.880935
2146,2.67199,3.4,0.728006
2147,2.62664,3.4,0.773364
2148,2.58374,3.3,0.716261
2149,2.54156,3.2,0.658444
2150,2.50175,3.2,0.698254
2151,2.46374,3.0,0.53626
2152,2.42733,2.9,0.472675
2153,2.39346,2.8,0.406537
2154,2.36152,2.8,0.43848
2155,2.33146,2.7,0.36854
2156,2.30303,2.5,0.196969
2157,2.27612,2.5,0.223877
2158,2.25061,2.5,0.249389
2159,2.22639,2.4,0.173608
2160,2.20324,2.4,0.196764
2161,2.18099,2.4,0.219012
2162,2.23861,2.6,0.361392
2163,3.30934,3.4,0.0906632
2164,2.4891,3.2,0.7109
2165,2.45703,3.2,0.742968
2166,2.42565,3.1,0.674348
2167,2.39487,3.1,0.705128
2168,2.3638,3.0,0.636202
2169,2.33133,3.0,0.668673
2170,2.29914,2.9,0.600862
2171,2.26742,3.0,0.732582
2172,2.33362,3.0,0.666384
2173,2.24641,2.9,0.653586
2174,2.21452,2.9,0.685476
2175,2.18321,2.8,0.616785
2176,2.15237,2.7,0.547625
2177,2.12191,2.7,0.578086
2178,2.09191,2.6,0.508093
2179,2.06217,2.6,0.537829
2180,2.03287,2.6,0.567134
2181,2.0132,2.5,0.486802
2182,1.97883,2.5,0.52117
2183,1.94982,2.4,0.450177
2184,1.92097,2.4,0.479026
2185,1.89223,2.4,0.50777
2186,1.86354,2.4,0.53646
2187,1.83485,2.3,0.465151
2188,1.80609,2.3,0.493907
2189,1.7772,2.3,0.522798
2190,1.86917,2.3,0.430825
2191,1.76618,2.3,0.533825
2192,1.73352,2.2,0.466485
2193,1.70083,2.2,0.499168
2194,1.66786,2.2,0.532141
2195,1.64864,2.3,0.651359
2196,1.70081,2.2,0.499192
2197,1.79358,2.0,0.206421
2198,1.63945,2.0,0.360554
2199,1.60227,1.9,0.297727
2200,1.56678,1.9,0.333217
2201,1.52769,1.9,0.372314
2202,1.49095,1.9,0.409053
2203,2.04319,2.0,-0.0431919
2204,1.61342,2.0,0.386582
2205,1.57645,2.0,0.423553
2206,1.53833,2.0,0.461665
2207,1.52462,2.0,0.47538
2208,1.53603,2.0,0.463972
2209,1.47005,1.9,0.429952
2210,1.43184,1.9,0.46816
2211,1.39531,1.8,0.404687
2212,1.36041,1.8,0.439588
2213,1.32773,1.8,0.472267
2214,1.29649,1.7,0.403512
2215,1.26674,1.8,0.533262
2216,1.23853,1.7,0.461473
2217,1.21169,1.7,0.488308
2218,1.18605,1.7,0.513949
2219,1.16149,1.7,0.538513
2220,1.13812,1.6,0.461875
2221,1.11601,1.6,0.483992
2222,1.09412,1.6,0.505881
2223,1.07306,1.6,0.526942
2224,1.13609,1.7,0.563912
2225,1.12622,2.0,0.873778
2226,1.07147,1.9,0.828532
2227,1.32446,1.9,0.575536
2228,1.12661,1.8,0.673395
2229,1.09932,1.9,0.800676
2230,1.07251,1.9,0.827486
2231,1.08519,1.9,0.814805
2232,1.21508,2.0,0.784921
2233,1.50065,1.9,0.399349
2234,1.28033,1.9,0.619665
2235,1.22578,1.9,0.67422
2236,1.20006,1.9,0.699941
2237,1.1845,1.9,0.715501
2238,1.15243,1.8,0.647575
2239,1.12888,1.8,0.671119
2240,1.13085,1.8,0.669154
2241,1.1222,1.8,0.677803
2242,1.11083,1.8,0.689174
2243,1.09291,1.8,0.707095
2244,1.06974,1.8,0.730258
2245,1.05078,1.8,0.74922
2246,1.03316,1.8,0.766841
2247,1.01649,1.7,0.683507
2248,1.00068,1.8,0.799315
2249,0.985478,1.8,0.814522
2250,1.04197,1.8,0.758026
2251,0.978354,1.7,0.721646
2252,0.974915,1.7,0.725085
2253,0.975315,1.7,0.724685
2254,1.00568,1.7,0.694323
2255,0.99821,1.7,0.70179
2256,0.973709,1.7,0.726291
2257,0.958484,1.7,0.741516
2258,0.940791,1.7,0.759209
2259,0.923954,1.8,0.876046
2260,0.907495,1.7,0.792505
2261,0.892225,1.7,0.807775
2262,0.946042,1.7,0.753958
2263,0.89064,1.6,0.70936
2264,0.873802,1.5,0.626198
2265,0.857408,1.4,0.542592
2266,0.841428,1.3,0.458572
2267,0.863193,1.3,0.436807
2268,0.834863,1.2,0.365137
2269,0.817368,1.2,0.382632
2270,0.801378,1.2,0.398622
2271,0.785953,1.2,0.414047
2272,0.77156,1.1,0.32844
2273,0.764482,1.0,0.235518
2274,0.749102,0.97,0.220898
2275,0.754638,0.93,0.175362
2276,0.770077,0.89,0.119923
2277,0.759172,0.87,0.110828
2278,0.757597,0.85,0.092403
2279,0.742088,0.82,0.077912
2280,0.729835,0.78,0.050165
2281,0.717528,0.75,0.032472
2282,0.720307,0.74,0.019693
2283,0.788943,0.73,-0.058943
2284,0.826888,0.73,-0.096888
2285,0.840757,0.76,-0.080757
2286,0.88438,0.79,-0.09438
2287,0.986033,0.76,-0.226033
2288,0.907443,0.76,-0.147443
2289,0.889987,0.75,-0.139987
2290,0.875278,0.75,-0.125278
2291,0.86297,0.75,-0.11297
2292,0.858691,0.76,-0.098691
2293,0.931018,0.76,-0.171018
2294,0.887959,0.78,-0.107959
2295,0.880573,0.79,-0.090573
2296,0.87761,0.86,-0.01761
2297,0.877861,0.84,-0.037861
2298,0.882912,0.87,-0.012912
2299,0.885755,0.86,-0.025755
2300,0.875404,0.89,0.014596
2301,0.871942,0.92,0.048058
2302,0.86489,0.91,0.04511
2303,0.866183,0.89,0.023817
2304,0.86387,0.87,0.00612998
2305,0.868144,0.83,-0.038144
2306,0.879664,0.82,-0.059664
2307,1.10077,0.82,-0.28077
2308,1.37951,0.9,-0.479509
2309,1.54766,0.93,-0.617657
2310,1.24644,0.89,-0.356439
2311,1.2107,0.86,-0.350698
2312,1.17846,0.84,-0.338458
2313,1.14956,0.83,-0.319564
2314,1.12755,0.81,-0.317547
2315,1.13862,0.8,-0.338618
2316,1.17301,0.79,-0.383013
2317,1.12781,0.78,-0.347809
2318,1.14785,0.78,-0.367848
2319,1.16363,0.77,-0.393628
2320,1.15939,0.77,-0.389391
2321,1.16274,0.77,-0.392742
2322,1.13846,0.77,-0.368459
2323,1.11596,0.77,-0.345963
2324,1.09844,0.78,-0.318442
2325,1.08302,0.78,-0.303016
2326,1.06915,0.78,-0.289155
2327,1.05721,0.79,-0.267208
2328,1.04607,0.8,-0.246067
2329,1.03519,0.82,-0.215193
2330,1.0257,0.8,-0.225705
2331,1.01684,0.8,-0.216841
2332,1.00837,0.8,-0.208374
2333,1.00024,0.8,-0.200243
2334,0.991603,0.8,-0.191603
2335,0.982751,0.8,-0.182751
2336,0.995799,0.8,-0.195799
2337,1.06077,0.8,-0.260769
2338,1.16705,0.81,-0.357051
2339,1.23968,0.82,-0.41968
2340,1.32548,0.83,-0.495481
2341,1.33854,0.85,-0.488541
2342,1.33727,0.87,-0.467273
2343,1.34694,0.89,-0.456938
2344,1.29699,0.93,-0.366991
2345,1.34592,1.0,-0.345918
2346,1.44781,1.1,-0.34781
2347,1.51481,1.0,-0.514811
2348,1.41934,1.0,-0.419344
2349,1.38182,1.0,-0.381817
2350,1.35098,1.0,-0.350978
2351,1.32395,1.0,-0.323953
2352,1.30734,1.0,-0.307336
2353,1.28278,1.0,-0.282783
2354,1.26035,1.0,-0.260348
2355,1.23996,1.0,-0.239963
2356,1.2216,1.0,-0.2216
2357,1.20527,1.0,-0.205271
2358,1.29494,1.0,-0.294941
2359,1.42671,1.0,-0.426706
2360,1.43967,1.1,-0.339674
2361,1.44269,1.1,-0.342689
2362,1.4932,1.1,-0.393203
2363,1.586,1.1,-0.486002
2364,1.6987,1.2,-0.4987
2365,1.80918,1.2,-0.609176
2366,1.68247,1.1,-0.582466
2367,1.64512,1.2,-0.445124
2368,1.61375,1.1,-0.513748
2369,1.59257,1.1,-0.492566
2370,1.58323,1.1,-0.483231
2371,1.55385,1.1,-0.453849
2372,1.67617,1.0,-0.676169
2373,1.71633,0.99,-0.726333
2374,1.64652,0.99,-0.656517
2375,1.66203,0.96,-0.702033
2376,1.62099,0.97,-0.650989
2377,1.74071,0.91,-0.830707
2378,1.64047,0.94,-0.70047
2379,1.61813,0.97,-0.648135
2380,1.60011,1.0,-0.600112
2381,1.8178,1.0,-0.8178
2382,1.86863,1.0,-0.868627
2383,1.81003,1.0,-0.810028
2384,1.85188,1.0,-0.851883
2385,2.10138,1.1,-1.00138
2386,1.95981,1.1,-0.859808
2387,2.1007,1.0,-1.1007
2388,2.43356,1.1,-1.33356
2389,2.22654,1.1,-1.12654
2390,2.19885,1.0,-1.19885
2391,2.17541,1.1,-1.07541
2392,2.17154,1.1,-1.07154
2393,2.54071,1.0,-1.54071
2394,2.62476,1.1,-1.52476
2395,3.05673,1.2,-1.85673
2396,3.5598,1.4,-2.1598
2397,3.93854,1.6,-2.33854
2398,4.08663,1.8,-2.28663
2399,4.86783,1.9,-2.96783
2400,3.50947,1.8,-1.70947
2401,3.38032,1.8,-1.58032
2402,4.47617,1.9,-2.57617
2403,4.56804,2.0,-2.56804
2404,4.75231,2.2,-2.55231
2405,5.06036,2.5,-2.56036
2406,10.092,3.1,-6.99195
2407,7.32884,3.2,-4.12883
2408,8.73065,3.5,-5.23065
2409,7.6361,3.8,-3.8361
2410,8.73076,4.3,-4.43076
2411,9.55444,4.7,-4.85444
2412,9.47313,5.1,-4.37313
2413,7.79382,5.4,-2.39382
2414,8.69888,6.0,-2.69888
2415,9.0431,7.0,-2.0431
2416,9.83615,8.6,-1.23615
2417,9.66228,10.0,0.337721
2418,8.86232,10.0,1.13768
2419,9.66695,11.0,1.33305
2420,8.9431,10.0,1.0569
2421,9.32133,13.0,3.67867
2422,9.35353,12.0,2.64647
2423,9.83459,13.0,3.16541
2424,8.5525,16.0,7.4475
2425,8.24583,18.0,9.75417
2426,7.98812,20.0,12.0119
2427,26.985,20.0,-6.98497
2428,21.8227,20.0,-1.82273
2429,13.4323,19.0,5.56771
2430,12.3254,18.0,5.67463
2431,11.9628,18.0,6.03724
2432,11.5223,18.0,6.47775
2433,11.0452,19.0,7.95483
2434,10.6776,19.0,8.32244
2435,26.5938,20.0,-6.5938
2436,17.1567,20.0,2.84333
2437,15.1566,19.0,3.84343
2438,14.8773,19.0,4.12271
2439,13.5448,19.0,5.45522
2440,15.1076,18.0,2.89243
2441,14.1493,18.0,3.85073
2442,12.6351,18.0,5.36488
2443,12.3416,18.0,5.65836
2444,11.7902,17.0,5.20985
2445,12.1422,17.0,4.85782
2446,13.2261,17.0,3.77392
2447,14.2428,17.0,2.75724
2448,14.3965,17.0,2.60353
2449,12.7521,18.0,5.24786
2450,14.2346,18.0,3.76543
2451,12.7732,18.0,5.22679
2452,14.7093,18.0,3.29074
2453,14.152,17.0,2.84802
2454,12.6838,16.0,3.31619
2455,11.8215,17.0,5.17849
2456,13.9165,18.0,4.08352
2457,11.8905,18.0,6.10947
2458,11.2339,18.0,6.76614
2459,10.9453,18.0,7.05471
2460,10.8468,18.0,7.15316
2461,10.4682,17.0,6.53175
2462,10.2182,17.0,6.78175
2463,9.95944,17.0,7.04056
2464,9.74772,17.0,7.25228
2465,9.5515,18.0,8.4485
2466,9.33452,17.0,7.66548
2467,10.7877,16.0,5.21228
2468,11.952,16.0,4.04797
2469,9.4983,16.0,6.5017
2470,9.30007,15.0,5.69993
2471,9.1146,14.0,4.8854
2472,8.96038,15.0,6.03962
2473,8.78918,15.0,6.21082
2474,8.62941,15.0,6.37059
2475,8.47824,15.0,6.52176
2476,8.34181,16.0,7.65819
2477,8.21644,16.0,7.78356
2478,8.10314,15.0,6.89686
2479,7.97988,15.0,7.02012
2480,7.86895,15.0,7.13105
2481,7.76525,14.0,6.23475
2482,7.66382,14.0,6.33618
2483,7.5648,14.0,6.4352
2484,8.12951,13.0,4.87049
2485,7.51264,13.0,5.48736
2486,8.03024,12.0,3.96976
2487,7.441,12.0,4.559
2488,7.4531,12.0,4.5469
2489,7.27686,11.0,3.72314
2490,7.26052,11.0,3.73948
2491,7.20994,11.0,3.79006
2492,7.38819,10.0,2.61181
2493,6.98132,10.0,3.01868
2494,7.86187,9.5,1.63813
2495,6.95304,9.2,2.24696
2496,6.83946,9.1,2.26054
2497,7.5426,8.9,1.3574
2498,7.76114,8.7,0.938864
2499,6.82568,8.5,1.67432
2500,6.70236,8.2,1.49764
2501,6.58395,8.0,1.41605
2502,6.4677,7.8,1.3323
2503,6.34747,7.5,1.15253
2504,6.2416,7.4,1.1584
2505,6.13824,7.2,1.06176
2506,6.0361,7.0,0.963903
2507,5.93474,6.8,0.865263
2508,5.83419,6.6,0.765809
2509,5.7345,6.4,0.6655
2510,6.20399,6.2,-0.00399113
2511,5.71282,5.8,0.0871792
2512,5.61251,5.7,0.0874939
2513,5.50955,5.5,-0.00955391
2514,5.40801,5.3,-0.108013
2515,5.30945,5.1,-0.209452
2516,5.21271,4.9,-0.31271
2517,5.11768,4.8,-0.317683
2518,5.0243,4.8,-0.224298
2519,5.24789,4.6,-0.647889
2520,5.00138,4.5,-0.501375
2521,4.94016,4.4,-0.540164
2522,4.80075,4.2,-0.600748
2523,4.70686,3.8,-0.906858
2524,4.61483,3.7,-0.914827
2525,4.5245,3.7,-0.824501
2526,4.43561,3.6,-0.835606
2527,4.34795,3.6,-0.747953
2528,4.26152,3.5,-0.761519
2529,4.17614,3.5,-0.67614
2530,4.0916,3.5,-0.591604
2531,4.00783,3.5,-0.507827
2532,3.92479,3.4,-0.524788
2533,3.84237,3.4,-0.442365
2534,3.76047,3.3,-0.460473
2535,3.67904,3.3,-0.37904
2536,3.59801,3.3,-0.298005
2537,3.51732,3.4,-0.117317
2538,3.43694,3.4,-0.036938
2539,3.35685,3.3,-0.0568471
2540,3.43005,3.3,-0.13005
2541,3.67591,3.5,-0.175912
2542,3.30409,3.5,0.195911
2543,3.21847,3.4,0.181528
2544,3.131,3.3,0.169005
2545,3.0454,3.3,0.254596
2546,2.96188,3.3,0.338121
2547,2.87981,3.2,0.320192
2548,3.38204,3.2,-0.182036
2549,2.8999,3.2,0.300104
2550,2.81918,3.2,0.380822
2551,2.73839,3.1,0.361605
2552,2.65731,3.1,0.442693
2553,2.57911,3.1,0.520892
2554,2.50423,3.1,0.595767
2555,2.43188,3.0,0.568118
2556,2.36199,3.0,0.638011
2557,2.32739,3.0,0.672613
2558,2.2433,3.1,0.856704
2559,2.1791,3.1,0.9209
2560,2.11798,3.0,0.88202
2561,2.05983,3.1,1.04017
2562,2.03118,3.0,0.968822
2563,1.95739,3.0,1.04261
2564,1.90684,3.2,1.29316
2565,1.92479,3.2,1.27522
2566,1.89775,3.1,1.20225
2567,1.87451,3.1,1.22549
2568,1.80842,3.0,1.19158
2569,1.78536,3.0,1.21464
2570,1.7747,3.0,1.2253
2571,1.85274,3.1,1.24726
2572,1.73436,3.0,1.26564
2573,1.67627,2.9,1.22373
2574,1.63608,2.9,1.26392
2575,1.5977,2.8,1.2023
2576,1.5609,2.8,1.23909
2577,2.74199,3.2,0.458012
2578,1.93422,2.9,0.965777
2579,1.82575,2.9,1.07425
2580,1.82746,2.9,1.07255
2581,1.83213,2.8,0.967872
2582,1.81225,2.8,0.987746
2583,1.78412,2.7,0.915878
2584,1.92944,2.8,0.870558
2585,1.74587,2.6,0.854129
2586,1.69673,2.7,1.00327
2587,1.6517,2.8,1.1483
2588,1.61031,2.7,1.08969
2589,1.58249,2.7,1.11751
2590,1.57829,2.6,1.02171
2591,1.55387,2.6,1.04613
2592,1.53782,2.5,0.962176
2593,1.52843,2.5,0.971573
2594,1.50587,2.5,0.994132
2595,1.47968,2.5,1.02032
2596,1.44922,2.4,0.950785
2597,1.42463,2.4,0.975369
2598,1.40003,2.4,0.999973
2599,1.37686,2.4,1.02314
2600,1.36087,2.5,1.13913
2601,1.38949,2.5,1.11051
2602,1.33776,2.4,1.06224
2603,1.31404,2.4,1.08596
2604,1.29114,2.4,1.10886
2605,1.2688,2.4,1.1312
2606,1.24669,2.5,1.25331
2607,1.22513,2.5,1.27487
2608,1.20406,2.5,1.29594
2609,1.18341,2.4,1.21659
2610,1.16313,2.5,1.33687
2611,1.15748,2.6,1.44252
2612,1.12789,2.0,0.872106
2613,1.10782,1.8,0.692177
2614,1.08808,1.8,0.711922
2615,1.06858,1.8,0.731419
2616,1.04931,1.8,0.750693
2617,1.03007,1.8,0.769931
2618,1.01087,1.7,0.689126
2619,0.991902,1.7,0.708098
2620,0.97262,1.3,0.32738
2621,0.953359,0.93,-0.023359
2622,0.934017,0.74,-0.194017
2623,0.914579,0.72,-0.194579
2624,0.895045,0.71,-0.185045
2625,0.875421,0.72,-0.155421
2626,0.855719,0.71,-0.145719
2627,0.835956,0.73,-0.105956
2628,0.816171,0.58,-0.236171
2629,0.79637,0.59,-0.20637
2630,0.776587,0.59,-0.186587
2631,1.03443,0.61,-0.424434
2632,0.89779,0.59,-0.30779
2633,0.896057,0.53,-0.366057
2634,0.907936,0.51,-0.397936
2635,0.93733,0.51,-0.42733
2636,0.933536,0.47,-0.463536
2637,0.906826,0.47,-0.436826
2638,0.889387,0.47,-0.419387
2639,0.878281,0.48,-0.398281
2640,1.02522,0.48,-0.545224
2641,0.909742,0.48,-0.429742
2642,0.886267,0.49,-0.396267
2643,0.86425,0.51,-0.35425
2644,0.843595,0.51,-0.333595
2645,0.826014,0.51,-0.316014
2646,0.810487,0.51,-0.300487
2647,0.796186,0.51,-0.286186
2648,0.783239,0.51,-0.273239
2649,0.771912,0.51,-0.261912
2650,0.761733,0.55,-0.211733
2651,0.771175,0.62,-0.151175
2652,0.783727,0.61,-0.173727
2653,0.777628,0.64,-0.137628
2654,0.813741,0.69,-0.123741
2655,0.84763,0.69,-0.15763
2656,0.886398,0.68,-0.206398
2657,0.861438,0.61,-0.251438
2658,0.857015,0.61,-0.247015
2659,0.854567,0.72,-0.134567
2660,0.856428,0.71,-0.146428
2661,0.867292,0.75,-0.117292
2662,0.892197,0.73,-0.162197
2663,0.936349,0.61,-0.326349
2664,0.902752,0.6,-0.302752
2665,0.896067,0.68,-0.216067
2666,0.889861,0.66,-0.229861
2667,0.89782,0.67,-0.22782
2668,0.888181,0.69,-0.198181
2669,0.891185,0.68,-0.211185
2670,0.880977,0.68,-0.200977
2671,0.873881,0.69,-0.183881
2672,0.867114,0.7,-0.167114
2673,0.860412,0.7,-0.160412
2674,0.853576,0.72,-0.133576
2675,0.846461,0.84,-0.00646102
2676,0.846618,0.78,-0.066618
2677,0.837684,0.88,0.042316
2678,0.828963,0.81,-0.018963
2679,0.820065,0.83,0.00993496
2680,0.810658,0.85,0.039342
2681,0.800804,0.89,0.089196
2682,0.790596,1.1,0.309404
2683,0.780044,0.97,0.189956
2684,0.769203,1.2,0.430797
2685,0.758107,0.96,0.201893
2686,0.753314,1.0,0.246686
2687,0.739909,1.0,0.260091
2688,0.727855,0.99,0.262145
2689,0.714484,1.0,0.285516
2690,0.701876,1.0,0.298124
2691,0.689324,0.99,0.300676
2692,0.676807,0.99,0.313193
2693,0.666003,0.98,0.313997
2694,0.699897,0.98,0.280103
2695,0.762275,0.98,0.217725
2696,0.832464,0.96,0.127536
2697,0.811711,0.96,0.148289
2698,0.78287,0.95,0.16713
2699,0.766081,0.98,0.213919
2700,0.750028,0.98,0.229972
2701,0.736056,0.97,0.233944
2702,0.723348,0.97,0.246652
2703,0.711758,1.0,0.288242
2704,0.699895,1.0,0.300105
2705,0.689107,1.0,0.310893
2706,0.678679,0.99,0.311321
2707,0.668366,0.99,0.321634
2708,0.659011,1.0,0.340989
2709,0.648909,1.0,0.351091
2710,0.639854,0.97,0.330146
2711,0.634023,1.0,0.365977
2712,0.627517,1.0,0.372483
2713,0.619096,1.1,0.480904
2714,0.610981,0.99,0.379019
2715,0.602874,1.0,0.397126
2716,0.594734,1.0,0.405266
2717,0.586657,1.0,0.413343
2718,0.578582,1.0,0.421418
2719,0.570516,1.0,0.429484
2720,0.562469,1.1,0.537531
2721,0.554438,1.1,0.545562
2722,0.546415,1.1,0.553585
2723,0.538403,1.2,0.661597
2724,0.530387,1.2,0.669613
2725,0.53243,1.3,0.76757
2726,0.6074,1.3,0.6926
2727,0.582183,1.3,0.717817
2728,0.57249,1.3,0.72751
2729,0.575104,1.3,0.724896
2730,0.681688,1.3,0.618312
2731,0.739605,1.2,0.460395
2732,0.68296,1.3,0.61704
2733,0.668202,1.2,0.531798
2734,0.689123,1.2,0.510877
2735,0.662752,1.3,0.637248
2736,0.649334,1.3,0.650666
2737,0.650905,1.4,0.749095
2738,0.767921,1.6,0.832079
2739,0.956624,1.2,0.243376
2740,0.825597,1.5,0.674403
2741,0.806564,1.9,1.09344
2742,0.791004,1.3,0.508996
2743,0.778429,1.4,0.621571
2744,0.768396,1.3,0.531604
2745,0.76054,2.1,1.33946
2746,0.754151,1.4,0.645849
2747,0.748737,1.5,0.751263
2748,0.754649,1.5,0.745351
2749,0.749466,1.6,0.850534
2750,0.930145,1.7,0.769855
2751,1.24626,1.7,0.453744
2752,1.08204,1.5,0.41796
2753,1.06761,1.5,0.432389
2754,1.41842,1.6,0.181583
2755,2.75326,1.6,-1.15326
2756,4.08139,1.7,-2.38139
2757,4.63155,1.8,-2.83155
2758,5.31449,1.9,-3.41449
2759,5.91726,2.1,-3.81726
2760,8.50465,2.6,-5.90465
2761,4.03127,2.1,-1.93127
2762,3.82491,2.0,-1.82491
2763,3.9267,1.9,-2.0267
2764,6.24583,1.9,-4.34583
2765,7.28799,2.0,-5.28799
2766,9.31854,2.2,-7.11854
2767,10.145,2.4,-7.74502
2768,5.41637,2.3,-3.11637
2769,5.06594,2.2,-2.86594
2770,5.07175,2.2,-2.87175
2771,5.01065,2.1,-2.91065
2772,4.50978,2.0,-2.50978
2773,5.95868,2.1,-3.85868
2774,7.05912,2.3,-4.75912
2775,8.48932,2.6,-5.88932
2776,4.93765,2.5,-2.43765
2777,4.94318,2.6,-2.34318
2778,6.62912,2.9,-3.72912
2779,7.12247,3.0,-4.12247
2780,10.0191,3.1,-6.91909
2781,8.90869,3.0,-5.90869
2782,6.72568,2.9,-3.82568
2783,6.89471,2.8,-4.09471
2784,6.92403,2.7,-4.22403
2785,8.08565,2.8,-5.28565
2786,8.71177,2.9,-5.81177
2787,12.6706,3.2,-9.47056
2788,8.73451,3.1,-5.63451
2789,12.4666,3.4,-9.06659
2790,9.79099,4.0,-5.79099
2791,9.62223,4.4,-5.22223
2792,9.57138,4.3,-5.27138
2793,10.4479,4.3,-6.14792
2794,9.35624,4.1,-5.25624
2795,9.69025,4.2,-5.49025
2796,9.41252,4.5,-4.91252
2797,9.44273,4.7,-4.74273
2798,9.00562,4.7,-4.30562
2799,8.92495,4.8,-4.12495
2800,9.17933,5.4,-3.77933
2801,10.4283,6.1,-4.32827
2802,10.6433,7.6,-3.04328
2803,11.4013,13.0,1.59873
2804,11.1501,16.0,4.84993
2805,11.2295,17.0,5.77049
2806,11.2049,19.0,7.79508
2807,11.7257,27.0,15.2743
2808,10.7424,29.0,18.2576
2809,11.1311,28.0,16.8689
2810,11.7917,29.0,17.2083
2811,10.0766,30.0,19.9234
2812,9.93686,23.0,13.0631
2813,12.4774,22.0,9.52262
2814,10.5097,19.0,8.49031
2815,10.0029,18.0,7.99708
2816,10.9032,19.0,8.09678
2817,9.90297,19.0,9.09703
2818,9.74363,19.0,9.25637
2819,9.71038,18.0,8.28962
2820,9.49019,18.0,8.50981
2821,9.34402,17.0,7.65598
2822,9.12876,17.0,7.87124
2823,8.97495,16.0,7.02505
2824,8.80769,16.0,7.19231
2825,8.64369,16.0,7.35631
2826,8.50014,16.0,7.49986
2827,8.35196,16.0,7.64804
2828,8.21072,15.0,6.78928
2829,8.10253,15.0,6.89747
2830,7.9622,14.0,6.0378
2831,7.77444,14.0,6.22556
2832,7.62069,14.0,6.37931
2833,7.47009,14.0,6.52991
2834,7.32192,13.0,5.67808
2835,7.16513,13.0,5.83487
2836,7.0317,12.0,4.9683
2837,6.88716,12.0,5.11284
2838,6.75059,11.0,4.24941
2839,6.61951,11.0,4.38049
2840,6.51029,10.0,3.48971
2841,6.37269,10.0,3.62731
2842,6.26986,10.0,3.73014
2843,6.14042,9.9,3.75958
2844,6.03961,9.5,3.46039
2845,5.91237,9.1,3.18763
2846,5.79884,8.7,2.90116
2847,5.687,8.6,2.913
2848,5.57689,8.3,2.72311
2849,5.46979,8.0,2.53021
2850,5.36363,7.6,2.23637
2851,5.25931,7.2,1.94069
2852,5.15641,7.2,2.04359
2853,5.05502,7.0,1.94498
2854,4.95543,6.8,1.84457
2855,4.85748,6.7,1.84252
2856,4.76157,6.6,1.83843
2857,4.71096,7.0,2.28904
2858,5.70133,6.8,1.09867
2859,4.90078,6.5,1.59922
2860,5.04043,6.5,1.45957
2861,4.73525,6.3,1.56475
2862,4.64104,6.1,1.45896
2863,4.55054,6.1,1.54946
2864,4.46313,6.0,1.53687
2865,4.37861,5.8,1.42139
2866,4.29708,5.7,1.40292
2867,4.21626,5.5,1.28374
2868,4.1496,5.5,1.3504
2869,4.0694,5.4,1.3306
2870,3.99634,5.4,1.40366
2871,3.92526,5.2,1.27474
2872,3.85605,5.0,1.14395
2873,3.78855,4.9,1.11145
2874,3.72269,4.8,1.07731
2875,3.65947,4.6,0.940534
2876,3.59789,4.4,0.802105
2877,3.53924,4.2,0.660758
2878,3.48211,4.0,0.517893
2879,3.4272,4.0,0.572801
2880,3.79231,4.6,0.807686
2881,3.50803,4.5,0.991969
2882,3.4294,4.3,0.870599
2883,3.3725,4.3,0.927504
2884,3.3188,4.3,0.981195
2885,3.2669,4.2,0.933097
2886,3.2165,3.7,0.483502
2887,3.1676,3.4,0.2324
2888,3.16826,3.4,0.231739
2889,3.09591,3.3,0.20409
2890,3.04855,3.4,0.351453
2891,3.03001,3.4,0.369985
2892,2.96914,3.4,0.430861
2893,2.92308,3.2,0.27692
2894,2.87754,3.2,0.322461
2895,2.83232,3.0,0.167678
2896,2.78736,2.9,0.112644
2897,2.7425,2.9,0.157505
2898,2.69763,2.9,0.20237
2899,2.65272,2.9,0.247278
2900,2.60774,2.8,0.192264
2901,2.86771,3.0,0.132286
2902,2.62685,2.9,0.273145
2903,2.57577,2.9,0.324232
2904,2.5251,2.6,0.074903
2905,2.47544,2.4,-0.0754349
2906,2.42613,2.3,-0.126129
2907,2.37736,2.3,-0.0773571
2908,2.32901,2.2,-0.129008
2909,2.28099,2.2,-0.0809948
2910,2.23349,2.1,-0.133491
2911,2.1865,1.8,-0.386503
2912,2.13989,1.8,-0.33989
2913,2.0936,1.8,-0.293597
2914,2.04757,1.7,-0.347575
2915,2.00179,1.7,-0.301785
2916,1.95618,1.7,-0.256185
2917,1.91074,1.6,-0.310744
2918,1.86542,1.6,-0.265421
2919,1.82014,1.6,-0.220139
2920,1.77481,1.5,-0.274815
2921,1.72942,1.5,-0.22942
2922,1.68391,1.5,-0.183907
